,Training Steps,Mean Reward,Time elapsed
0,8192,tensor(0.6250),42.41200661659241
1,16384,tensor(0.3125),83.21869158744812
2,24576,tensor(0.),125.0799810886383
3,32768,tensor(0.),167.48882699012756
4,40960,tensor(0.),209.52855324745178
5,49152,tensor(0.),251.3067684173584
6,57344,tensor(0.),292.97059416770935
7,65536,tensor(0.),334.9055485725403
8,73728,tensor(0.),376.4593424797058
9,81920,tensor(0.),418.05347633361816
10,90112,tensor(0.),459.7373433113098
11,98304,tensor(0.3125),500.9914240837097
12,106496,tensor(0.3125),541.9334933757782
13,114688,tensor(0.3125),583.5887942314148
14,122880,tensor(0.),623.8451550006866
15,131072,tensor(0.),665.0174584388733
16,139264,tensor(0.),706.4132578372955
17,147456,tensor(0.),747.6741983890533
18,155648,tensor(0.),789.1443114280701
19,163840,tensor(0.3125),829.5010271072388
20,172032,tensor(0.3125),868.3676173686981
21,180224,tensor(0.6250),908.2366554737091
22,188416,tensor(0.6250),947.1268022060394
23,196608,tensor(0.),987.1806874275208
24,204800,tensor(0.9375),1026.4932634830475
25,212992,tensor(0.6250),1066.0467207431793
26,221184,tensor(0.6250),1105.1556198596954
27,229376,tensor(1.5625),1143.667870759964
28,237568,tensor(1.2500),1182.1847896575928
29,245760,tensor(4.0625),1220.5034487247467
30,253952,tensor(2.1875),1257.189274072647
31,262144,tensor(6.5625),1295.3003821372986
32,270336,tensor(4.3750),1332.647400856018
33,278528,tensor(6.5625),1369.294005393982
34,286720,tensor(7.8125),1406.4588241577148
35,294912,tensor(7.5000),1442.7957923412323
36,303104,tensor(7.8125),1478.8620784282684
37,311296,tensor(11.8750),1514.8642883300781
38,319488,tensor(15.3125),1551.6645703315735
39,327680,tensor(15.9375),1587.7259125709534
40,335872,tensor(15.3125),1624.215036392212
41,344064,tensor(18.7500),1660.4566006660461
42,352256,tensor(16.5625),1696.375216960907
43,360448,tensor(17.5000),1731.8565304279327
44,368640,tensor(17.1875),1767.5433418750763
45,376832,tensor(21.2500),1803.7772295475006
46,385024,tensor(21.5625),1839.971583366394
47,393216,tensor(22.1875),1876.4862532615662
48,401408,tensor(29.3750),1913.3000915050507
49,409600,tensor(20.6250),1948.339257478714
50,417792,tensor(22.1875),1985.2048869132996
51,425984,tensor(21.5625),2021.1434061527252
52,434176,tensor(20.6250),2057.6991848945618
53,442368,tensor(29.6875),2094.660073518753
54,450560,tensor(26.8750),2131.119815349579
55,458752,tensor(25.6250),2167.6426980495453
56,466944,tensor(26.8750),2204.1382825374603
57,475136,tensor(26.5625),2240.4749631881714
58,483328,tensor(27.5000),2276.757001876831
59,491520,tensor(25.9375),2313.5047974586487
60,499712,tensor(27.8125),2349.406838655472
61,507904,tensor(23.4375),2385.5375821590424
62,516096,tensor(25.3125),2421.660587310791
63,524288,tensor(29.0625),2458.293434858322
64,532480,tensor(26.8750),2495.088926076889
65,540672,tensor(26.2500),2530.7657442092896
66,548864,tensor(25.6250),2567.0250380039215
67,557056,tensor(23.4375),2602.768897294998
68,565248,tensor(27.8125),2639.151914834976
69,573440,tensor(25.3125),2675.1515147686005
70,581632,tensor(24.0625),2711.267550468445
71,589824,tensor(28.1250),2747.4290957450867
72,598016,tensor(29.3750),2783.431793689728
73,606208,tensor(31.2500),2819.736438035965
74,614400,tensor(33.1250),2856.2843520641327
75,622592,tensor(30.),2892.07968044281
76,630784,tensor(31.5625),2928.19025015831
77,638976,tensor(30.9375),2963.472528219223
78,647168,tensor(34.3750),2999.732622385025
79,655360,tensor(32.1875),3035.8565394878387
80,663552,tensor(35.),3072.1380050182343
81,671744,tensor(28.4375),3107.960077524185
82,679936,tensor(30.6250),3144.205576658249
83,688128,tensor(30.9375),3179.9287445545197
84,696320,tensor(34.3750),3216.6164865493774
85,704512,tensor(34.0625),3252.6659638881683
86,712704,tensor(30.3125),3287.122438430786
87,720896,tensor(30.6250),3322.689879655838
88,729088,tensor(36.8750),3359.529765367508
89,737280,tensor(37.8125),3395.5711753368378
90,745472,tensor(35.6250),3431.5336332321167
91,753664,tensor(37.8125),3467.061775445938
92,761856,tensor(35.6250),3502.460295200348
93,770048,tensor(40.9375),3538.1998991966248
94,778240,tensor(36.2500),3574.0530998706818
95,786432,tensor(35.3125),3609.3437383174896
96,794624,tensor(36.8750),3645.054826974869
97,802816,tensor(36.5625),3680.795161008835
98,811008,tensor(35.9375),3715.6751708984375
99,819200,tensor(34.6875),3751.3511142730713
100,827392,tensor(36.2500),3787.0904684066772
101,835584,tensor(34.0625),3822.227739572525
102,843776,tensor(34.0625),3857.116157770157
103,851968,tensor(37.5000),3892.9923458099365
104,860160,tensor(33.1250),3928.503940343857
105,868352,tensor(35.),3964.0081112384796
106,876544,tensor(40.3125),3999.8238077163696
107,884736,tensor(32.1875),4035.17462682724
108,892928,tensor(32.1875),4070.3191101551056
109,901120,tensor(41.2500),4106.1702082157135
110,909312,tensor(36.2500),4141.9927723407745
111,917504,tensor(36.8750),4177.6190938949585
112,925696,tensor(37.1875),4213.772025585175
113,933888,tensor(34.0625),4249.40891623497
114,942080,tensor(33.4375),4284.6658346652985
115,950272,tensor(40.6250),4320.567072868347
116,958464,tensor(34.0625),4356.051416397095
117,966656,tensor(40.3125),4391.282759666443
118,974848,tensor(35.3125),4426.314024925232
119,983040,tensor(34.0625),4460.342857599258
120,991232,tensor(31.5625),4494.873714923859
121,999424,tensor(36.8750),4530.075520277023
122,1007616,tensor(34.3750),4565.334248304367
123,1015808,tensor(36.5625),4600.721140384674
124,1024000,tensor(30.3125),4635.7855224609375
125,1032192,tensor(39.3750),4671.319509267807
126,1040384,tensor(32.5000),4706.677358388901
127,1048576,tensor(37.5000),4742.11004948616
128,1056768,tensor(33.7500),4777.3061418533325
129,1064960,tensor(34.0625),4812.472340345383
130,1073152,tensor(33.4375),4847.824903011322
131,1081344,tensor(32.5000),4883.194135189056
132,1089536,tensor(34.3750),4918.8681383132935
133,1097728,tensor(42.5000),4954.506230354309
134,1105920,tensor(35.6250),4989.808815956116
135,1114112,tensor(33.7500),5024.873626232147
136,1122304,tensor(36.8750),5060.070508003235
137,1130496,tensor(34.0625),5095.252861499786
138,1138688,tensor(37.1875),5130.354698419571
139,1146880,tensor(37.5000),5166.076160669327
140,1155072,tensor(38.7500),5201.705713748932
141,1163264,tensor(32.5000),5237.1259508132935
142,1171456,tensor(37.5000),5272.734227895737
143,1179648,tensor(35.6250),5308.645846605301
144,1187840,tensor(41.5625),5344.399278640747
145,1196032,tensor(38.1250),5380.290317773819
146,1204224,tensor(34.3750),5415.97067284584
147,1212416,tensor(35.3125),5451.691299915314
148,1220608,tensor(35.6250),5487.431698083878
149,1228800,tensor(30.9375),5522.754341602325
150,1236992,tensor(34.6875),5558.182549715042
151,1245184,tensor(35.6250),5593.571536540985
152,1253376,tensor(33.7500),5628.685474157333
153,1261568,tensor(30.9375),5663.662691116333
154,1269760,tensor(37.1875),5699.062544107437
155,1277952,tensor(34.0625),5734.64701628685
156,1286144,tensor(39.3750),5770.277198553085
157,1294336,tensor(32.8125),5805.687481641769
158,1302528,tensor(35.3125),5840.948101043701
159,1310720,tensor(34.3750),5875.892272233963
160,1318912,tensor(35.),5911.176281452179
161,1327104,tensor(39.6875),5946.8505918979645
162,1335296,tensor(36.8750),5982.535109043121
163,1343488,tensor(41.5625),6017.953380346298
164,1351680,tensor(34.0625),6053.454288959503
165,1359872,tensor(41.2500),6089.069910526276
166,1368064,tensor(40.6250),6124.417747974396
167,1376256,tensor(39.3750),6160.008875131607
168,1384448,tensor(40.3125),6195.569103717804
169,1392640,tensor(37.5000),6231.043969631195
170,1400832,tensor(38.4375),6264.9819457530975
171,1409024,tensor(35.9375),6300.069315433502
172,1417216,tensor(34.6875),6334.578142642975
173,1425408,tensor(39.3750),6369.99680018425
174,1433600,tensor(43.7500),6405.760941028595
175,1441792,tensor(37.5000),6441.144987344742
176,1449984,tensor(38.4375),6476.542014598846
177,1458176,tensor(35.6250),6512.189334630966
178,1466368,tensor(34.0625),6547.448867321014
179,1474560,tensor(40.),6582.910306692123
180,1482752,tensor(45.6250),6618.3076803684235
181,1490944,tensor(40.),6653.859042167664
182,1499136,tensor(37.8125),6689.254003286362
183,1507328,tensor(41.2500),6724.775281906128
184,1515520,tensor(39.0625),6760.290972948074
185,1523712,tensor(38.1250),6795.2970950603485
186,1531904,tensor(37.1875),6830.564476490021
187,1540096,tensor(35.6250),6865.465845584869
188,1548288,tensor(39.3750),6900.970026731491
189,1556480,tensor(42.8125),6936.346953630447
190,1564672,tensor(37.5000),6971.391574621201
191,1572864,tensor(30.3125),7006.565360784531
192,1581056,tensor(38.7500),7041.968511343002
193,1589248,tensor(37.5000),7077.404511928558
194,1597440,tensor(41.8750),7113.110026836395
195,1605632,tensor(36.8750),7147.537436246872
196,1613824,tensor(39.3750),7183.08807182312
197,1622016,tensor(40.),7217.23585319519
198,1630208,tensor(40.6250),7252.184549331665
199,1638400,tensor(34.0625),7286.796725273132
200,1646592,tensor(36.2500),7321.55165553093
201,1654784,tensor(34.6875),7356.205655097961
202,1662976,tensor(35.9375),7390.7887234687805
203,1671168,tensor(40.9375),7425.901325464249
204,1679360,tensor(40.),7460.235302209854
205,1687552,tensor(36.5625),7494.3580956459045
206,1695744,tensor(43.7500),7529.908455610275
207,1703936,tensor(36.5625),7565.134873151779
208,1712128,tensor(40.9375),7600.461357355118
209,1720320,tensor(43.4375),7636.159687280655
210,1728512,tensor(40.),7671.637171030045
211,1736704,tensor(36.5625),7709.218394041061
212,1744896,tensor(42.1875),7746.911505222321
213,1753088,tensor(39.6875),7784.934534549713
214,1761280,tensor(37.5000),7823.28720164299
215,1769472,tensor(41.5625),7863.790961027145
216,1777664,tensor(40.9375),7904.369096279144
217,1785856,tensor(37.1875),7942.366799592972
218,1794048,tensor(43.7500),7980.88375377655
219,1802240,tensor(38.7500),8017.589950799942
220,1810432,tensor(38.4375),8055.840783596039
221,1818624,tensor(38.7500),8092.939839839935
222,1826816,tensor(40.9375),8131.181226730347
223,1835008,tensor(42.5000),8168.1295256614685
224,1843200,tensor(40.6250),8206.372495651245
225,1851392,tensor(41.8750),8244.135065317154
226,1859584,tensor(40.9375),8281.303231716156
227,1867776,tensor(37.1875),8319.493733882904
228,1875968,tensor(40.),8358.058629274368
229,1884160,tensor(38.4375),8396.577523469925
230,1892352,tensor(38.4375),8435.209015607834
231,1900544,tensor(34.3750),8472.60550737381
232,1908736,tensor(39.3750),8510.944612264633
233,1916928,tensor(43.7500),8549.529779434204
234,1925120,tensor(40.6250),8590.175104379654
235,1933312,tensor(37.1875),8631.677248954773
236,1941504,tensor(37.1875),8670.663925647736
237,1949696,tensor(38.4375),8709.707934379578
238,1957888,tensor(34.3750),8748.284806013107
239,1966080,tensor(33.1250),8786.941051959991
240,1974272,tensor(40.9375),8825.449075460434
241,1982464,tensor(42.5000),8864.884505748749
242,1990656,tensor(35.3125),8902.800740242004
243,1998848,tensor(36.2500),8941.635934591293
244,2007040,tensor(40.),8981.528775453568
245,2015232,tensor(39.0625),9020.638657569885
246,2023424,tensor(36.2500),9059.624689102173
247,2031616,tensor(37.5000),9099.171451091766
248,2039808,tensor(34.3750),9139.3922393322
249,2048000,tensor(40.6250),9178.605476856232
250,2056192,tensor(41.2500),9219.60222530365
251,2064384,tensor(37.8125),9258.785966873169
252,2072576,tensor(41.5625),9297.668085098267
253,2080768,tensor(36.5625),9336.77548456192
254,2088960,tensor(36.8750),9377.453941345215
255,2097152,tensor(38.1250),9416.488670110703
256,2105344,tensor(34.0625),9454.806210279465
257,2113536,tensor(43.7500),9497.479737997055
258,2121728,tensor(36.5625),9539.297325611115
259,2129920,tensor(35.9375),9581.35187125206
260,2138112,tensor(39.3750),9624.07180595398
261,2146304,tensor(44.0625),9666.62045621872
262,2154496,tensor(41.2500),9708.256938934326
263,2162688,tensor(38.4375),9750.077195644379
264,2170880,tensor(37.5000),9792.95194363594
265,2179072,tensor(37.5000),9834.926991939545
266,2187264,tensor(38.7500),9877.205420255661
267,2195456,tensor(33.7500),9915.489271640778
268,2203648,tensor(41.8750),9956.93508553505
269,2211840,tensor(39.0625),9998.415372610092
270,2220032,tensor(41.2500),10038.216609716415
271,2228224,tensor(40.3125),10081.051334381104
272,2236416,tensor(37.1875),10121.838971853256
273,2244608,tensor(36.8750),10162.421374559402
274,2252800,tensor(39.6875),10204.048632383347
275,2260992,tensor(39.6875),10246.442650079727
276,2269184,tensor(42.5000),10289.671993732452
277,2277376,tensor(34.3750),10333.121729135513
278,2285568,tensor(35.3125),10375.4547727108
279,2293760,tensor(36.8750),10415.875413894653
280,2301952,tensor(39.0625),10456.054097890854
281,2310144,tensor(37.8125),10496.69653892517
282,2318336,tensor(40.3125),10538.111013174057
283,2326528,tensor(42.8125),10580.5375726223
284,2334720,tensor(40.9375),10621.604537963867
285,2342912,tensor(42.8125),10663.320360660553
286,2351104,tensor(42.8125),10704.595789909363
287,2359296,tensor(40.9375),10747.118943929672
288,2367488,tensor(38.7500),10790.114095211029
289,2375680,tensor(40.6250),10830.708476305008
290,2383872,tensor(35.),10873.332620382309
291,2392064,tensor(37.5000),10915.641587734222
292,2400256,tensor(43.4375),10957.43956208229
293,2408448,tensor(39.0625),10998.752386331558
294,2416640,tensor(38.1250),11040.802461624146
295,2424832,tensor(42.8125),11083.93885922432
296,2433024,tensor(39.0625),11124.349356174469
297,2441216,tensor(40.6250),11165.783304452896
298,2449408,tensor(37.5000),11209.089522600174
299,2457600,tensor(38.7500),11251.279068470001
300,2465792,tensor(45.3125),11292.799245595932
301,2473984,tensor(38.4375),11334.629596710205
302,2482176,tensor(38.7500),11377.337810754776
303,2490368,tensor(38.7500),11419.451392650604
304,2498560,tensor(40.),11459.760699748993
305,2506752,tensor(39.3750),11502.873043298721
306,2514944,tensor(39.6875),11542.581487178802
307,2523136,tensor(38.7500),11583.778475522995
308,2531328,tensor(35.6250),11626.291624546051
309,2539520,tensor(37.8125),11669.251755952835
310,2547712,tensor(42.1875),11713.037900686264
311,2555904,tensor(41.2500),11754.92221903801
312,2564096,tensor(36.2500),11795.16920042038
313,2572288,tensor(39.6875),11838.472710609436
314,2580480,tensor(36.5625),11880.469369888306
315,2588672,tensor(36.2500),11921.908147573471
316,2596864,tensor(34.6875),11963.076566696167
317,2605056,tensor(36.2500),12005.439725160599
318,2613248,tensor(41.2500),12048.130890846252
319,2621440,tensor(40.6250),12089.146198511124
320,2629632,tensor(39.0625),12133.021967887878
321,2637824,tensor(35.9375),12175.369714975357
322,2646016,tensor(39.6875),12216.573529958725
323,2654208,tensor(38.4375),12258.49616599083
324,2662400,tensor(38.7500),12301.716593027115
325,2670592,tensor(35.9375),12344.7049305439
326,2678784,tensor(34.6875),12386.3111846447
327,2686976,tensor(38.4375),12427.550340890884
328,2695168,tensor(41.8750),12471.083827257156
329,2703360,tensor(33.7500),12513.43956565857
330,2711552,tensor(37.1875),12554.400253295898
331,2719744,tensor(38.4375),12596.904434919357
332,2727936,tensor(44.3750),12640.690767765045
333,2736128,tensor(38.4375),12683.752264022827
334,2744320,tensor(41.8750),12724.58784031868
335,2752512,tensor(45.),12766.765793561935
336,2760704,tensor(40.9375),12810.566239356995
337,2768896,tensor(42.8125),12853.803393602371
338,2777088,tensor(40.),12894.685097694397
339,2785280,tensor(37.8125),12937.630110263824
340,2793472,tensor(44.0625),12980.62049293518
341,2801664,tensor(31.5625),13022.799414634705
342,2809856,tensor(39.0625),13064.266233682632
343,2818048,tensor(35.6250),13106.486867189407
344,2826240,tensor(37.1875),13150.831478118896
345,2834432,tensor(40.3125),13192.518505334854
346,2842624,tensor(37.5000),13234.926090240479
347,2850816,tensor(32.5000),13278.272865533829
348,2859008,tensor(36.2500),13321.413434028625
349,2867200,tensor(37.5000),13364.232230424881
350,2875392,tensor(36.8750),13406.285129070282
351,2883584,tensor(37.5000),13447.803601503372
352,2891776,tensor(35.9375),13492.18820142746
353,2899968,tensor(33.4375),13534.188048362732
354,2908160,tensor(35.9375),13576.984120607376
355,2916352,tensor(36.2500),13618.537747859955
356,2924544,tensor(41.8750),13662.230665445328
357,2932736,tensor(38.4375),13706.06400847435
358,2940928,tensor(38.7500),13748.1334130764
359,2949120,tensor(37.8125),13790.519634723663
360,2957312,tensor(38.4375),13833.346683740616
361,2965504,tensor(41.5625),13876.697932243347
362,2973696,tensor(33.7500),13920.162677764893
363,2981888,tensor(38.1250),13961.595251321793
364,2990080,tensor(41.2500),14004.912989139557
365,2998272,tensor(38.1250),14049.164041519165
366,3006464,tensor(37.1875),14091.537271738052
367,3014656,tensor(42.1875),14133.895284891129
368,3022848,tensor(41.5625),14172.934483528137
369,3031040,tensor(40.),14217.073077201843
370,3039232,tensor(39.0625),14260.376364469528
371,3047424,tensor(40.6250),14301.905574560165
372,3055616,tensor(40.),14344.73097729683
373,3063808,tensor(36.8750),14389.085723876953
374,3072000,tensor(40.6250),14432.235538244247
375,3080192,tensor(34.3750),14474.142171859741
376,3088384,tensor(38.1250),14516.097660303116
377,3096576,tensor(39.3750),14559.6945810318
378,3104768,tensor(37.8125),14602.918644189835
379,3112960,tensor(35.9375),14644.159653663635
380,3121152,tensor(41.5625),14687.389958620071
381,3129344,tensor(38.1250),14731.720272779465
382,3137536,tensor(41.8750),14773.813015937805
383,3145728,tensor(36.8750),14815.379021644592
384,3153920,tensor(42.8125),14858.870544195175
385,3162112,tensor(42.8125),14903.117107868195
386,3170304,tensor(42.1875),14945.342715501785
387,3178496,tensor(41.2500),14987.041236639023
388,3186688,tensor(37.8125),15032.504823207855
389,3194880,tensor(39.3750),15075.899636507034
390,3203072,tensor(37.8125),15118.410659790039
391,3211264,tensor(41.2500),15163.849335193634
392,3219456,tensor(38.7500),15206.827927827835
393,3227648,tensor(35.6250),15249.736209630966
394,3235840,tensor(36.5625),15292.689137220383
395,3244032,tensor(40.9375),15336.531677484512
396,3252224,tensor(36.8750),15380.447868585587
397,3260416,tensor(35.6250),15423.023984670639
398,3268608,tensor(41.8750),15466.634438753128
399,3276800,tensor(39.0625),15511.224654436111
400,3284992,tensor(40.6250),15554.070144891739
401,3293184,tensor(31.8750),15598.059749126434
402,3301376,tensor(36.8750),15642.398316383362
403,3309568,tensor(37.1875),15683.69882941246
404,3317760,tensor(39.3750),15729.213688373566
405,3325952,tensor(38.7500),15772.295839071274
406,3334144,tensor(43.4375),15814.465209722519
407,3342336,tensor(39.3750),15860.95798611641
408,3350528,tensor(38.7500),15904.682270050049
409,3358720,tensor(42.5000),15949.89430809021
410,3366912,tensor(41.8750),15994.448622465134
411,3375104,tensor(46.2500),16034.756175994873
412,3383296,tensor(38.4375),16074.55043721199
413,3391488,tensor(37.1875),16114.392329216003
414,3399680,tensor(36.2500),16156.1243019104
415,3407872,tensor(42.1875),16196.98242521286
416,3416064,tensor(39.3750),16235.456655979156
417,3424256,tensor(43.1250),16275.827951669693
418,3432448,tensor(37.8125),16313.378286123276
419,3440640,tensor(41.2500),16354.220999002457
420,3448832,tensor(36.5625),16396.106410741806
421,3457024,tensor(39.3750),16436.100216150284
422,3465216,tensor(39.6875),16475.28350520134
423,3473408,tensor(37.8125),16514.23546409607
424,3481600,tensor(37.1875),16552.165179252625
425,3489792,tensor(43.1250),16592.800914287567
426,3497984,tensor(39.0625),16634.560821533203
427,3506176,tensor(35.6250),16674.238485574722
428,3514368,tensor(40.6250),16715.70424389839
429,3522560,tensor(36.5625),16758.246008872986
430,3530752,tensor(39.6875),16799.659150123596
431,3538944,tensor(43.1250),16838.83475279808
432,3547136,tensor(40.6250),16878.727984905243
433,3555328,tensor(45.),16920.34355688095
434,3563520,tensor(38.1250),16962.592411994934
435,3571712,tensor(38.7500),17000.95191550255
436,3579904,tensor(40.6250),17042.000861167908
437,3588096,tensor(40.6250),17081.980750083923
438,3596288,tensor(40.),17120.454983472824
439,3604480,tensor(39.0625),17160.233047008514
440,3612672,tensor(39.6875),17196.88710808754
441,3620864,tensor(39.3750),17235.867896795273
442,3629056,tensor(43.4375),17275.329516410828
443,3637248,tensor(35.6250),17313.69096136093
444,3645440,tensor(42.8125),17353.798510313034
445,3653632,tensor(37.5000),17392.344523191452
446,3661824,tensor(35.9375),17433.409450531006
447,3670016,tensor(42.1875),17474.310428857803
448,3678208,tensor(37.5000),17514.50433731079
449,3686400,tensor(40.9375),17554.072643995285
450,3694592,tensor(40.3125),17592.087354898453
451,3702784,tensor(43.1250),17631.01476430893
452,3710976,tensor(40.3125),17674.250987052917
453,3719168,tensor(36.2500),17715.512319803238
454,3727360,tensor(34.6875),17759.567755699158
455,3735552,tensor(35.),17799.542412042618
456,3743744,tensor(39.3750),17841.364526987076
457,3751936,tensor(35.3125),17881.91813492775
458,3760128,tensor(39.6875),17922.712292194366
459,3768320,tensor(39.0625),17961.840512752533
460,3776512,tensor(39.3750),18000.52100419998
461,3784704,tensor(39.3750),18039.54324746132
462,3792896,tensor(33.7500),18077.367802143097
463,3801088,tensor(40.9375),18116.566504716873
464,3809280,tensor(45.),18158.38291668892
465,3817472,tensor(35.3125),18200.63142514229
466,3825664,tensor(38.1250),18239.586798667908
467,3833856,tensor(36.2500),18275.98722910881
468,3842048,tensor(41.8750),18318.471197366714
469,3850240,tensor(39.6875),18360.09805727005
470,3858432,tensor(40.3125),18402.994340896606
471,3866624,tensor(35.3125),18442.60413002968
472,3874816,tensor(40.),18480.260442495346
473,3883008,tensor(37.8125),18520.523518562317
474,3891200,tensor(40.6250),18562.0221619606
475,3899392,tensor(36.5625),18605.741943597794
476,3907584,tensor(31.5625),18645.746341228485
477,3915776,tensor(38.1250),18686.715270757675
478,3923968,tensor(34.3750),18723.997532367706
479,3932160,tensor(41.2500),18762.148830890656
480,3940352,tensor(32.5000),18805.529233455658
481,3948544,tensor(42.1875),18847.521376609802
482,3956736,tensor(35.3125),18890.674031972885
483,3964928,tensor(39.0625),18930.964546203613
484,3973120,tensor(36.8750),18973.620628595352
485,3981312,tensor(40.6250),19012.192720413208
486,3989504,tensor(36.8750),19053.968732118607
487,3997696,tensor(40.3125),19094.72048187256
488,4005888,tensor(37.8125),19135.950845479965
489,4014080,tensor(37.1875),19176.223487615585
490,4022272,tensor(39.6875),19216.076016902924
491,4030464,tensor(40.),19257.88739514351
492,4038656,tensor(33.4375),19298.27445077896
493,4046848,tensor(39.0625),19341.668298959732
494,4055040,tensor(37.5000),19382.11530303955
495,4063232,tensor(37.5000),19422.588745832443
496,4071424,tensor(38.7500),19462.17881011963
497,4079616,tensor(44.0625),19501.684557914734
498,4087808,tensor(38.7500),19543.77707695961
499,4096000,tensor(40.3125),19585.288203954697
500,4104192,tensor(39.6875),19624.58957862854
501,4112384,tensor(36.8750),19663.189924001694
502,4120576,tensor(38.1250),19703.577428102493
503,4128768,tensor(44.0625),19743.91725206375
504,4136960,tensor(36.8750),19781.386444807053
505,4145152,tensor(41.2500),19822.856782913208
506,4153344,tensor(41.2500),19862.914542913437
507,4161536,tensor(36.5625),19904.160823345184
508,4169728,tensor(38.1250),19946.651758909225
509,4177920,tensor(40.3125),19990.272102832794
510,4186112,tensor(43.1250),20030.292870998383
511,4194304,tensor(35.9375),20069.93507385254
512,4202496,tensor(42.1875),20110.039818286896
513,4210688,tensor(38.7500),20153.587575674057
514,4218880,tensor(35.6250),20194.572960615158
515,4227072,tensor(41.2500),20236.156336545944
516,4235264,tensor(36.8750),20274.785962104797
517,4243456,tensor(42.1875),20318.820420980453
518,4251648,tensor(37.1875),20359.61559867859
519,4259840,tensor(44.6875),20401.0139439106
520,4268032,tensor(39.0625),20440.98926305771
521,4276224,tensor(41.8750),20484.109154701233
522,4284416,tensor(34.6875),20522.438012838364
523,4292608,tensor(40.),20562.59621477127
524,4300800,tensor(40.),20602.77882218361
525,4308992,tensor(39.6875),20646.372314214706
526,4317184,tensor(39.6875),20686.894602298737
527,4325376,tensor(40.9375),20726.343434095383
528,4333568,tensor(39.0625),20764.58794236183
529,4341760,tensor(39.0625),20809.48824095726
530,4349952,tensor(34.0625),20851.594950914383
531,4358144,tensor(35.),20890.735684156418
532,4366336,tensor(40.6250),20928.349215507507
533,4374528,tensor(39.6875),20972.79810166359
534,4382720,tensor(37.5000),21011.50855064392
535,4390912,tensor(43.7500),21052.172274827957
536,4399104,tensor(36.8750),21091.34421634674
537,4407296,tensor(38.1250),21131.296154737473
538,4415488,tensor(37.8125),21169.013168096542
539,4423680,tensor(43.4375),21210.312129974365
540,4431872,tensor(38.4375),21251.241625785828
541,4440064,tensor(42.5000),21291.22317147255
542,4448256,tensor(40.),21329.86438012123
543,4456448,tensor(38.1250),21367.58382177353
544,4464640,tensor(40.3125),21410.586941719055
545,4472832,tensor(43.4375),21450.77265882492
546,4481024,tensor(38.7500),21490.33531475067
547,4489216,tensor(40.9375),21528.098405122757
548,4497408,tensor(43.1250),21567.747314929962
549,4505600,tensor(40.6250),21607.001717567444
550,4513792,tensor(35.),21644.283754587173
551,4521984,tensor(43.7500),21687.510685920715
552,4530176,tensor(42.8125),21724.596109867096
553,4538368,tensor(45.),21764.5885682106
554,4546560,tensor(44.0625),21805.840416669846
555,4554752,tensor(46.8750),21849.472605466843
556,4562944,tensor(38.7500),21889.902685403824
557,4571136,tensor(38.1250),21931.523482084274
558,4579328,tensor(38.1250),21971.53523516655
559,4587520,tensor(39.0625),22014.750854730606
560,4595712,tensor(42.8125),22054.495018720627
561,4603904,tensor(41.5625),22092.777048110962
562,4612096,tensor(36.5625),22133.704224586487
563,4620288,tensor(37.1875),22176.6864631176
564,4628480,tensor(40.9375),22216.705482006073
565,4636672,tensor(40.9375),22256.469686746597
566,4644864,tensor(34.3750),22295.596362113953
567,4653056,tensor(36.8750),22335.1954870224
568,4661248,tensor(41.5625),22378.063416719437
569,4669440,tensor(39.0625),22419.68566775322
570,4677632,tensor(40.3125),22463.334180116653
571,4685824,tensor(39.3750),22501.488080978394
572,4694016,tensor(46.8750),22539.905274391174
573,4702208,tensor(40.3125),22581.76642894745
574,4710400,tensor(38.7500),22624.66543364525
575,4718592,tensor(40.9375),22665.775156736374
576,4726784,tensor(40.6250),22703.04134607315
577,4734976,tensor(41.8750),22746.98274564743
578,4743168,tensor(38.7500),22787.244739055634
579,4751360,tensor(36.8750),22829.005344629288
580,4759552,tensor(42.1875),22871.388696193695
581,4767744,tensor(41.8750),22918.041918754578
582,4775936,tensor(41.8750),22958.886633634567
583,4784128,tensor(40.3125),22998.837967395782
584,4792320,tensor(36.5625),23038.265557527542
585,4800512,tensor(39.6875),23080.044264554977
586,4808704,tensor(39.6875),23117.716517925262
587,4816896,tensor(37.5000),23159.553982019424
588,4825088,tensor(37.1875),23196.356017112732
589,4833280,tensor(40.3125),23234.545038700104
590,4841472,tensor(45.),23276.619309425354
591,4849664,tensor(39.3750),23317.015442848206
592,4857856,tensor(41.2500),23361.070051193237
593,4866048,tensor(40.3125),23400.346246004105
594,4874240,tensor(39.3750),23440.652245998383
595,4882432,tensor(42.5000),23480.27483034134
596,4890624,tensor(41.5625),23525.240047693253
597,4898816,tensor(36.2500),23565.279641628265
598,4907008,tensor(40.9375),23604.842329978943
599,4915200,tensor(40.6250),23645.45775079727
600,4923392,tensor(44.0625),23689.049154520035
601,4931584,tensor(45.),23730.517605781555
602,4939776,tensor(44.3750),23769.72340607643
603,4947968,tensor(41.5625),23811.141930818558
604,4956160,tensor(38.1250),23849.6579914093
605,4964352,tensor(42.8125),23890.605833768845
606,4972544,tensor(41.8750),23930.58652114868
607,4980736,tensor(40.9375),23970.86049246788
608,4988928,tensor(40.),24008.098516702652
609,4997120,tensor(43.4375),24048.887406110764
610,5005312,tensor(39.6875),24088.822410821915
611,5013504,tensor(42.5000),24129.02775645256
612,5021696,tensor(48.4375),24168.81888771057
613,5029888,tensor(42.1875),24207.004106283188
614,5038080,tensor(38.7500),24249.622311592102
615,5046272,tensor(40.),24287.37619638443
616,5054464,tensor(45.3125),24325.67116880417
617,5062656,tensor(39.6875),24368.602432250977
618,5070848,tensor(43.4375),24413.985014677048
619,5079040,tensor(41.5625),24455.912573099136
620,5087232,tensor(40.),24496.898927927017
621,5095424,tensor(44.6875),24536.951991796494
622,5103616,tensor(39.0625),24579.733031988144
623,5111808,tensor(40.9375),24617.004058361053
624,5120000,tensor(44.3750),24655.277550935745
625,5128192,tensor(38.7500),24699.23358607292
626,5136384,tensor(43.1250),24740.33206820488
627,5144576,tensor(37.1875),24779.476873874664
628,5152768,tensor(39.0625),24817.59253525734
629,5160960,tensor(43.4375),24859.283232688904
630,5169152,tensor(40.6250),24898.715975046158
631,5177344,tensor(40.9375),24940.295535326004
632,5185536,tensor(43.1250),24978.18777537346
633,5193728,tensor(38.1250),25017.053100585938
634,5201920,tensor(38.7500),25057.42079949379
635,5210112,tensor(43.1250),25098.773139238358
636,5218304,tensor(40.3125),25139.775674581528
637,5226496,tensor(40.6250),25181.143356084824
638,5234688,tensor(36.8750),25219.451819896698
639,5242880,tensor(45.3125),25257.739728212357
640,5251072,tensor(38.7500),25299.079974651337
641,5259264,tensor(42.1875),25339.220636844635
642,5267456,tensor(38.1250),25378.94767856598
643,5275648,tensor(41.2500),25418.79909300804
644,5283840,tensor(40.),25457.15192103386
645,5292032,tensor(40.9375),25496.817784786224
646,5300224,tensor(41.8750),25538.109094142914
647,5308416,tensor(39.0625),25576.884823799133
648,5316608,tensor(43.4375),25617.4264087677
649,5324800,tensor(41.2500),25656.625468969345
650,5332992,tensor(39.3750),25697.683135271072
651,5341184,tensor(38.7500),25737.95160841942
652,5349376,tensor(40.),25777.013407468796
653,5357568,tensor(40.9375),25816.084715127945
654,5365760,tensor(44.0625),25857.075006246567
655,5373952,tensor(36.8750),25896.22605419159
656,5382144,tensor(39.0625),25937.012861967087
657,5390336,tensor(38.1250),25980.189016342163
658,5398528,tensor(44.0625),26020.536123275757
659,5406720,tensor(37.5000),26059.25039792061
660,5414912,tensor(41.5625),26097.522866249084
661,5423104,tensor(41.5625),26139.140501499176
662,5431296,tensor(37.8125),26178.92366886139
663,5439488,tensor(41.8750),26222.433240413666
664,5447680,tensor(37.5000),26260.73684978485
665,5455872,tensor(40.6250),26299.01114678383
666,5464064,tensor(45.3125),26341.345304250717
667,5472256,tensor(39.3750),26383.67338514328
668,5480448,tensor(42.1875),26423.94066309929
669,5488640,tensor(36.5625),26461.810759544373
670,5496832,tensor(40.),26500.00652909279
671,5505024,tensor(40.6250),26542.836858034134
672,5513216,tensor(40.9375),26584.669605731964
673,5521408,tensor(36.8750),26623.916124343872
674,5529600,tensor(37.1875),26665.91687822342
675,5537792,tensor(42.8125),26707.473479270935
676,5545984,tensor(40.6250),26750.860902786255
677,5554176,tensor(47.8125),26792.501084566116
678,5562368,tensor(38.4375),26834.71404695511
679,5570560,tensor(41.5625),26873.0276324749
680,5578752,tensor(40.),26915.768020153046
681,5586944,tensor(36.5625),26955.12997698784
682,5595136,tensor(38.7500),26995.16932272911
683,5603328,tensor(39.3750),27035.23529100418
684,5611520,tensor(42.1875),27077.402673244476
685,5619712,tensor(41.8750),27120.772475004196
686,5627904,tensor(42.8125),27164.63041329384
687,5636096,tensor(40.),27209.159645318985
688,5644288,tensor(41.5625),27248.146954536438
689,5652480,tensor(42.1875),27288.578078746796
690,5660672,tensor(34.0625),27330.52330136299
691,5668864,tensor(41.8750),27372.71386575699
692,5677056,tensor(37.5000),27413.222803115845
693,5685248,tensor(40.6250),27455.01105570793
694,5693440,tensor(42.5000),27496.202489376068
695,5701632,tensor(39.3750),27538.292853832245
696,5709824,tensor(43.7500),27577.871978998184
697,5718016,tensor(35.3125),27619.39644765854
698,5726208,tensor(37.1875),27660.63351726532
699,5734400,tensor(39.6875),27701.650514125824
700,5742592,tensor(38.1250),27744.556421279907
701,5750784,tensor(40.9375),27786.333748579025
702,5758976,tensor(43.1250),27830.53856778145
703,5767168,tensor(42.1875),27873.3324739933
704,5775360,tensor(39.6875),27913.611956357956
705,5783552,tensor(41.8750),27956.632320165634
706,5791744,tensor(38.4375),27998.078765630722
707,5799936,tensor(40.3125),28042.084701299667
708,5808128,tensor(35.3125),28083.567509889603
709,5816320,tensor(39.6875),28127.568222522736
710,5824512,tensor(39.0625),28171.196138858795
711,5832704,tensor(38.7500),28210.35441684723
712,5840896,tensor(39.3750),28251.312075138092
713,5849088,tensor(40.9375),28292.262948989868
714,5857280,tensor(41.2500),28337.24945807457
715,5865472,tensor(43.4375),28378.74140381813
716,5873664,tensor(41.2500),28420.9160861969
717,5881856,tensor(39.3750),28460.724236249924
718,5890048,tensor(40.3125),28501.408895254135
719,5898240,tensor(39.6875),28545.133742570877
720,5906432,tensor(45.9375),28586.12002849579
721,5914624,tensor(39.6875),28628.00246500969
722,5922816,tensor(43.1250),28669.185927152634
723,5931008,tensor(40.),28709.81075811386
724,5939200,tensor(36.8750),28752.356830596924
725,5947392,tensor(40.9375),28792.37702012062
726,5955584,tensor(44.6875),28831.643738508224
727,5963776,tensor(42.5000),28869.13922381401
728,5971968,tensor(45.3125),28913.370542764664
729,5980160,tensor(36.5625),28956.592878341675
730,5988352,tensor(41.5625),28997.201942682266
731,5996544,tensor(43.1250),29035.37793779373
732,6004736,tensor(42.5000),29072.524527788162
733,6012928,tensor(41.2500),29113.07879638672
734,6021120,tensor(42.8125),29153.011517763138
735,6029312,tensor(37.5000),29192.438328504562
736,6037504,tensor(40.),29231.48549222946
737,6045696,tensor(45.),29274.310735702515
738,6053888,tensor(41.5625),29313.54112958908
739,6062080,tensor(35.6250),29350.09431362152
740,6070272,tensor(42.5000),29387.334519147873
741,6078464,tensor(42.5000),29427.156660079956
742,6086656,tensor(46.2500),29469.337483644485
743,6094848,tensor(43.4375),29509.933445453644
744,6103040,tensor(45.3125),29548.99765944481
745,6111232,tensor(38.7500),29589.572767734528
746,6119424,tensor(45.),29629.623598098755
747,6127616,tensor(40.9375),29671.6983897686
748,6135808,tensor(40.),29712.841986894608
749,6144000,tensor(45.),29751.360338449478
750,6152192,tensor(41.8750),29788.56726717949
751,6160384,tensor(43.4375),29828.467455148697
752,6168576,tensor(39.3750),29870.151037693024
753,6176768,tensor(44.6875),29907.443158388138
754,6184960,tensor(38.4375),29945.61881661415
755,6193152,tensor(42.8125),29988.196308135986
756,6201344,tensor(40.),30030.472224235535
757,6209536,tensor(43.1250),30071.783987045288
758,6217728,tensor(40.6250),30113.72189259529
759,6225920,tensor(40.),30153.042795419693
760,6234112,tensor(45.),30190.510048389435
761,6242304,tensor(43.4375),30233.8938536644
762,6250496,tensor(41.2500),30275.19344806671
763,6258688,tensor(35.9375),30313.73874258995
764,6266880,tensor(40.6250),30350.80153822899
765,6275072,tensor(40.9375),30392.42023897171
766,6283264,tensor(44.3750),30430.174223423004
767,6291456,tensor(38.1250),30470.676142692566
768,6299648,tensor(40.6250),30510.285063266754
769,6307840,tensor(42.1875),30550.343004226685
770,6316032,tensor(35.9375),30592.20391893387
771,6324224,tensor(43.4375),30634.251556634903
772,6332416,tensor(40.),30674.643795967102
773,6340608,tensor(40.9375),30713.84020113945
774,6348800,tensor(38.1250),30756.117396354675
775,6356992,tensor(38.4375),30796.74017214775
776,6365184,tensor(39.6875),30836.224180221558
777,6373376,tensor(47.5000),30876.553367376328
778,6381568,tensor(39.3750),30915.51843547821
779,6389760,tensor(39.0625),30953.581025362015
780,6397952,tensor(41.2500),30990.819947481155
781,6406144,tensor(36.5625),31030.27889752388
782,6414336,tensor(42.8125),31071.422684669495
783,6422528,tensor(41.2500),31113.588940620422
784,6430720,tensor(35.),31155.199038028717
785,6438912,tensor(40.9375),31193.870105981827
786,6447104,tensor(39.3750),31232.85619711876
787,6455296,tensor(47.1875),31274.772303581238
788,6463488,tensor(41.8750),31315.56339740753
789,6471680,tensor(45.3125),31354.117772102356
790,6479872,tensor(43.4375),31391.972451210022
791,6488064,tensor(39.6875),31430.72799563408
792,6496256,tensor(40.9375),31473.275328159332
793,6504448,tensor(41.8750),31510.274871587753
794,6512640,tensor(51.2500),31549.56669640541
795,6520832,tensor(45.),31588.381211280823
796,6529024,tensor(44.0625),31629.31313443184
797,6537216,tensor(40.6250),31667.534448862076
798,6545408,tensor(47.5000),31709.29205942154
799,6553600,tensor(40.6250),31749.057102680206
800,6561792,tensor(42.5000),31789.056621074677
801,6569984,tensor(40.9375),31828.0995657444
802,6578176,tensor(39.6875),31865.074023485184
803,6586368,tensor(45.),31903.888580083847
804,6594560,tensor(46.8750),31940.846416711807
805,6602752,tensor(41.2500),31977.952379226685
806,6610944,tensor(42.8125),32015.017079353333
807,6619136,tensor(40.),32054.284035921097
808,6627328,tensor(43.7500),32093.046807289124
809,6635520,tensor(41.5625),32130.64489340782
810,6643712,tensor(42.1875),32168.45454621315
811,6651904,tensor(40.9375),32206.74391770363
812,6660096,tensor(48.7500),32243.829474925995
813,6668288,tensor(39.3750),32284.687465429306
814,6676480,tensor(43.4375),32326.28058052063
815,6684672,tensor(36.8750),32364.375532865524
816,6692864,tensor(41.5625),32401.567249059677
817,6701056,tensor(41.8750),32440.607121944427
818,6709248,tensor(43.1250),32479.992716789246
819,6717440,tensor(37.8125),32519.490141153336
820,6725632,tensor(38.4375),32556.90256381035
821,6733824,tensor(38.4375),32594.61542916298
822,6742016,tensor(43.1250),32631.82667160034
823,6750208,tensor(41.8750),32672.87007498741
824,6758400,tensor(35.3125),32711.095215320587
825,6766592,tensor(39.0625),32748.312331438065
826,6774784,tensor(39.3750),32785.48485469818
827,6782976,tensor(37.8125),32823.874794244766
828,6791168,tensor(40.),32860.81374311447
829,6799360,tensor(36.8750),32897.36910915375
830,6807552,tensor(44.0625),32934.956567287445
831,6815744,tensor(43.4375),32972.23071479797
832,6823936,tensor(43.7500),33013.645320653915
833,6832128,tensor(41.5625),33054.06255078316
834,6840320,tensor(41.5625),33093.48986673355
835,6848512,tensor(46.2500),33132.097009420395
836,6856704,tensor(39.6875),33171.18302321434
837,6864896,tensor(37.5000),33211.652707099915
838,6873088,tensor(40.6250),33249.18587017059
839,6881280,tensor(34.3750),33286.17158770561
840,6889472,tensor(40.3125),33323.79553985596
841,6897664,tensor(47.5000),33361.15954756737
842,6905856,tensor(43.7500),33401.7029004097
843,6914048,tensor(44.3750),33439.83603262901
844,6922240,tensor(40.),33476.90920782089
845,6930432,tensor(40.9375),33514.212141275406
846,6938624,tensor(45.9375),33552.076025247574
847,6946816,tensor(39.0625),33589.35243678093
848,6955008,tensor(42.8125),33631.176621198654
849,6963200,tensor(39.0625),33668.69190120697
850,6971392,tensor(40.6250),33708.90117383003
851,6979584,tensor(41.8750),33748.75870800018
852,6987776,tensor(41.8750),33789.13802409172
853,6995968,tensor(37.1875),33828.52938914299
854,7004160,tensor(35.),33865.04766082764
855,7012352,tensor(38.1250),33901.99543142319
856,7020544,tensor(40.),33943.08577609062
857,7028736,tensor(41.2500),33983.15087103844
858,7036928,tensor(35.9375),34019.62745189667
859,7045120,tensor(44.0625),34056.25803613663
860,7053312,tensor(38.1250),34094.28331184387
861,7061504,tensor(40.9375),34134.04634594917
862,7069696,tensor(43.1250),34171.25114107132
863,7077888,tensor(34.6875),34208.20107245445
864,7086080,tensor(41.8750),34246.30220937729
865,7094272,tensor(40.3125),34285.64845871925
866,7102464,tensor(34.3750),34323.744324207306
867,7110656,tensor(39.3750),34361.647023916245
868,7118848,tensor(40.6250),34398.35332942009
869,7127040,tensor(37.1875),34436.740621328354
870,7135232,tensor(40.),34477.26076221466
871,7143424,tensor(45.),34515.447602033615
872,7151616,tensor(37.1875),34554.32643890381
873,7159808,tensor(36.8750),34595.23096394539
874,7168000,tensor(38.4375),34634.211134433746
875,7176192,tensor(41.8750),34673.36389923096
876,7184384,tensor(41.2500),34711.45224618912
877,7192576,tensor(45.3125),34751.95198249817
878,7200768,tensor(40.3125),34791.644562244415
879,7208960,tensor(45.),34829.234657526016
880,7217152,tensor(40.9375),34866.96634364128
881,7225344,tensor(44.6875),34904.40555977821
882,7233536,tensor(45.6250),34943.07593727112
883,7241728,tensor(44.6875),34983.47507214546
884,7249920,tensor(42.1875),35020.49263930321
885,7258112,tensor(39.3750),35057.490652799606
886,7266304,tensor(40.),35094.1798517704
887,7274496,tensor(42.8125),35133.30897331238
888,7282688,tensor(41.8750),35173.09212374687
889,7290880,tensor(44.6875),35210.29616999626
890,7299072,tensor(37.8125),35248.16964507103
891,7307264,tensor(44.3750),35286.21369385719
892,7315456,tensor(43.1250),35327.471840143204
893,7323648,tensor(41.8750),35365.87432384491
894,7331840,tensor(36.2500),35402.76440048218
895,7340032,tensor(38.7500),35439.80456376076
896,7348224,tensor(44.6875),35478.08091211319
897,7356416,tensor(43.4375),35516.48485541344
898,7364608,tensor(42.5000),35553.19039416313
899,7372800,tensor(38.1250),35590.29771876335
900,7380992,tensor(38.4375),35627.089009046555
901,7389184,tensor(38.7500),35666.57955479622
902,7397376,tensor(36.8750),35703.228353500366
903,7405568,tensor(44.0625),35739.817860364914
904,7413760,tensor(38.1250),35774.44621562958
905,7421952,tensor(42.5000),35811.689678668976
906,7430144,tensor(41.5625),35846.38755249977
907,7438336,tensor(41.8750),35881.46139597893
908,7446528,tensor(43.1250),35917.61376667023
909,7454720,tensor(42.1875),35952.617862701416
910,7462912,tensor(46.2500),35989.12689256668
911,7471104,tensor(40.9375),36024.056611299515
912,7479296,tensor(43.1250),36059.11678600311
913,7487488,tensor(42.8125),36094.093780994415
914,7495680,tensor(40.9375),36128.95832872391
915,7503872,tensor(37.5000),36163.40699791908
916,7512064,tensor(40.9375),36198.279995918274
917,7520256,tensor(39.3750),36233.20816111565
918,7528448,tensor(38.7500),36268.72389173508
919,7536640,tensor(40.),36303.712344408035
920,7544832,tensor(44.6875),36338.87428736687
921,7553024,tensor(39.6875),36374.57721352577
922,7561216,tensor(40.6250),36409.47799038887
923,7569408,tensor(41.5625),36444.62040615082
924,7577600,tensor(38.1250),36479.55083489418
925,7585792,tensor(43.7500),36514.48045492172
926,7593984,tensor(36.8750),36548.905490875244
927,7602176,tensor(40.),36583.79966211319
928,7610368,tensor(45.9375),36619.35713386536
929,7618560,tensor(44.0625),36654.48351287842
930,7626752,tensor(43.4375),36689.69786167145
931,7634944,tensor(48.1250),36725.04442000389
932,7643136,tensor(45.6250),36760.168805360794
933,7651328,tensor(40.6250),36795.83950948715
934,7659520,tensor(41.8750),36830.56073689461
935,7667712,tensor(42.5000),36865.21912407875
936,7675904,tensor(42.1875),36903.208090782166
937,7684096,tensor(40.6250),36937.88008952141
938,7692288,tensor(42.1875),36972.62968349457
939,7700480,tensor(41.8750),37009.477125644684
940,7708672,tensor(44.3750),37045.01982784271
941,7716864,tensor(45.3125),37079.88030171394
942,7725056,tensor(43.7500),37114.50534820557
943,7733248,tensor(46.2500),37150.28197097778
944,7741440,tensor(43.7500),37186.61959719658
945,7749632,tensor(40.6250),37221.353464603424
946,7757824,tensor(39.0625),37256.545448064804
947,7766016,tensor(43.4375),37291.57183647156
948,7774208,tensor(43.4375),37326.33139419556
949,7782400,tensor(38.1250),37360.94743204117
950,7790592,tensor(40.9375),37396.874619722366
951,7798784,tensor(43.7500),37432.16199326515
952,7806976,tensor(46.2500),37467.20020651817
953,7815168,tensor(46.5625),37503.242995262146
954,7823360,tensor(39.6875),37539.45459842682
955,7831552,tensor(40.6250),37573.95062613487
956,7839744,tensor(42.8125),37609.75628566742
957,7847936,tensor(41.2500),37644.29074549675
958,7856128,tensor(45.9375),37679.38117361069
959,7864320,tensor(38.7500),37715.44904613495
960,7872512,tensor(39.0625),37750.22445487976
961,7880704,tensor(41.5625),37785.859902620316
962,7888896,tensor(43.1250),37820.88166356087
963,7897088,tensor(46.5625),37857.20852637291
964,7905280,tensor(37.8125),37891.83649086952
965,7913472,tensor(45.),37926.8199968338
966,7921664,tensor(40.3125),37961.784005880356
967,7929856,tensor(41.5625),37998.23669052124
968,7938048,tensor(41.2500),38033.06552171707
969,7946240,tensor(41.2500),38067.96024990082
970,7954432,tensor(41.5625),38103.58987545967
971,7962624,tensor(38.7500),38139.566601753235
972,7970816,tensor(44.3750),38174.30432701111
973,7979008,tensor(43.7500),38210.07128882408
974,7987200,tensor(39.0625),38244.67006230354
975,7995392,tensor(42.5000),38279.59977769852
976,8003584,tensor(38.7500),38314.085267066956
977,8011776,tensor(46.5625),38349.42168688774
978,8019968,tensor(44.0625),38384.34448122978
979,8028160,tensor(36.2500),38418.688933610916
980,8036352,tensor(45.3125),38455.08166575432
981,8044544,tensor(45.),38489.91474413872
982,8052736,tensor(40.6250),38525.606488227844
983,8060928,tensor(39.0625),38561.60444355011
984,8069120,tensor(43.1250),38596.47401332855
985,8077312,tensor(39.3750),38631.9241027832
986,8085504,tensor(41.8750),38667.01920390129
987,8093696,tensor(44.6875),38702.06886959076
988,8101888,tensor(40.),38736.99981927872
989,8110080,tensor(43.1250),38771.72235059738
990,8118272,tensor(37.8125),38806.578035116196
991,8126464,tensor(43.1250),38842.134425878525
992,8134656,tensor(44.6875),38876.9251332283
993,8142848,tensor(45.3125),38913.240008592606
994,8151040,tensor(45.),38948.49994826317
995,8159232,tensor(45.6250),38983.55986380577
996,8167424,tensor(44.6875),39018.356231212616
997,8175616,tensor(45.9375),39054.60329723358
998,8183808,tensor(44.6875),39089.553606271744
999,8192000,tensor(43.7500),39124.559942007065
1000,8200192,tensor(42.8125),39159.216943740845
1001,8208384,tensor(42.1875),39195.31880068779
1002,8216576,tensor(40.3125),39232.13760328293
1003,8224768,tensor(41.5625),39266.95693540573
1004,8232960,tensor(44.3750),39303.092081308365
1005,8241152,tensor(43.4375),39337.89755487442
1006,8249344,tensor(45.9375),39372.810443878174
1007,8257536,tensor(40.),39409.64719557762
1008,8265728,tensor(47.1875),39444.56105399132
1009,8273920,tensor(46.8750),39479.98057103157
1010,8282112,tensor(39.3750),39514.53400397301
1011,8290304,tensor(43.1250),39549.56861162186
1012,8298496,tensor(42.5000),39584.2939927578
1013,8306688,tensor(43.4375),39619.164526462555
1014,8314880,tensor(46.5625),39654.17489647865
1015,8323072,tensor(45.),39689.559359788895
1016,8331264,tensor(40.9375),39723.96212410927
1017,8339456,tensor(46.2500),39758.42446422577
1018,8347648,tensor(41.2500),39793.939160346985
1019,8355840,tensor(41.5625),39828.067489147186
1020,8364032,tensor(42.1875),39862.36877131462
1021,8372224,tensor(41.2500),39896.691499471664
1022,8380416,tensor(45.),39931.26811885834
1023,8388608,tensor(40.9375),39966.4147233963
1024,8396800,tensor(40.),40000.503636837006
1025,8404992,tensor(40.),40034.600281476974
1026,8413184,tensor(45.3125),40068.97442817688
1027,8421376,tensor(40.6250),40103.21592450142
1028,8429568,tensor(40.),40137.328207969666
1029,8437760,tensor(44.6875),40171.86352825165
1030,8445952,tensor(44.0625),40207.07983207703
1031,8454144,tensor(40.9375),40241.25400042534
1032,8462336,tensor(42.5000),40275.48949456215
1033,8470528,tensor(45.),40311.056835889816
1034,8478720,tensor(42.1875),40345.50178837776
1035,8486912,tensor(40.9375),40379.75407600403
1036,8495104,tensor(44.6875),40413.95052218437
1037,8503296,tensor(43.4375),40448.83325457573
1038,8511488,tensor(42.1875),40483.27860379219
1039,8519680,tensor(41.5625),40517.71972370148
1040,8527872,tensor(48.1250),40553.05600094795
1041,8536064,tensor(43.7500),40588.076535224915
1042,8544256,tensor(42.1875),40622.31751918793
1043,8552448,tensor(42.8125),40656.8402261734
1044,8560640,tensor(45.6250),40691.32766389847
1045,8568832,tensor(39.0625),40725.554825782776
1046,8577024,tensor(41.8750),40759.86819410324
1047,8585216,tensor(41.2500),40793.90315055847
1048,8593408,tensor(38.7500),40828.99608659744
1049,8601600,tensor(42.8125),40863.45576739311
1050,8609792,tensor(44.3750),40897.75640177727
1051,8617984,tensor(42.1875),40931.98954582214
1052,8626176,tensor(40.9375),40967.456295251846
1053,8634368,tensor(41.8750),41002.78505897522
1054,8642560,tensor(39.3750),41036.78584957123
1055,8650752,tensor(41.8750),41070.89585995674
1056,8658944,tensor(41.8750),41105.059359550476
1057,8667136,tensor(42.1875),41139.55363368988
1058,8675328,tensor(44.6875),41174.064859867096
1059,8683520,tensor(38.7500),41209.085767269135
1060,8691712,tensor(39.0625),41243.12034678459
1061,8699904,tensor(44.3750),41277.487127780914
1062,8708096,tensor(42.8125),41312.77501773834
1063,8716288,tensor(43.4375),41347.13324928284
1064,8724480,tensor(38.4375),41381.06607294083
1065,8732672,tensor(44.6875),41415.60573077202
1066,8740864,tensor(44.3750),41450.96453142166
1067,8749056,tensor(42.8125),41485.17389559746
1068,8757248,tensor(46.5625),41519.56377243996
1069,8765440,tensor(43.7500),41553.98793339729
1070,8773632,tensor(40.9375),41589.89913868904
1071,8781824,tensor(44.3750),41625.35599541664
1072,8790016,tensor(40.6250),41659.863996982574
1073,8798208,tensor(36.5625),41693.57861471176
1074,8806400,tensor(46.8750),41729.61808824539
1075,8814592,tensor(43.1250),41763.65962147713
1076,8822784,tensor(48.1250),41799.49565958977
1077,8830976,tensor(47.8125),41833.99141597748
1078,8839168,tensor(40.),41868.11947083473
1079,8847360,tensor(45.6250),41903.44326758385
1080,8855552,tensor(42.1875),41937.55192899704
1081,8863744,tensor(42.8125),41971.945684194565
1082,8871936,tensor(45.9375),42007.89604949951
1083,8880128,tensor(40.),42041.83666276932
1084,8888320,tensor(37.8125),42075.7874686718
1085,8896512,tensor(49.6875),42110.84449291229
1086,8904704,tensor(42.8125),42144.771971940994
1087,8912896,tensor(45.9375),42179.06092762947
1088,8921088,tensor(45.3125),42213.42110157013
1089,8929280,tensor(44.6875),42247.846707582474
1090,8937472,tensor(44.6875),42282.04411959648
1091,8945664,tensor(44.3750),42316.19248366356
1092,8953856,tensor(45.3125),42352.04495334625
1093,8962048,tensor(40.),42385.91350197792
1094,8970240,tensor(45.6250),42420.87634086609
1095,8978432,tensor(46.2500),42455.37591767311
1096,8986624,tensor(50.6250),42489.83358311653
1097,8994816,tensor(45.3125),42524.14510631561
1098,9003008,tensor(42.8125),42558.35098552704
1099,9011200,tensor(40.3125),42592.712852716446
1100,9019392,tensor(45.3125),42626.93107056618
1101,9027584,tensor(41.2500),42661.05269384384
1102,9035776,tensor(41.8750),42695.22148561478
1103,9043968,tensor(44.0625),42729.32389450073
1104,9052160,tensor(39.3750),42763.303213596344
1105,9060352,tensor(40.),42797.95489382744
1106,9068544,tensor(42.8125),42832.145995378494
1107,9076736,tensor(42.1875),42866.9201669693
1108,9084928,tensor(39.6875),42901.05031108856
1109,9093120,tensor(38.4375),42935.047855854034
1110,9101312,tensor(40.9375),42970.694942712784
1111,9109504,tensor(42.8125),43006.20839047432
1112,9117696,tensor(46.2500),43040.57201695442
1113,9125888,tensor(45.3125),43074.85373234749
1114,9134080,tensor(46.2500),43110.66293382645
1115,9142272,tensor(41.5625),43146.5823328495
1116,9150464,tensor(42.5000),43181.15007352829
1117,9158656,tensor(39.0625),43215.106487989426
1118,9166848,tensor(36.5625),43250.37760543823
1119,9175040,tensor(44.0625),43285.18522977829
1120,9183232,tensor(37.1875),43319.44981074333
1121,9191424,tensor(45.9375),43353.83164834976
1122,9199616,tensor(41.5625),43388.67900085449
1123,9207808,tensor(47.1875),43424.46799516678
1124,9216000,tensor(41.2500),43458.86045861244
1125,9224192,tensor(41.2500),43493.07569646835
1126,9232384,tensor(44.0625),43528.080733299255
1127,9240576,tensor(43.4375),43562.32246184349
1128,9248768,tensor(43.4375),43597.48040533066
1129,9256960,tensor(46.2500),43631.88819980621
1130,9265152,tensor(39.6875),43665.835711717606
1131,9273344,tensor(44.3750),43700.16484069824
1132,9281536,tensor(41.8750),43734.115515470505
1133,9289728,tensor(41.5625),43768.07705640793
1134,9297920,tensor(40.),43802.46025514603
1135,9306112,tensor(44.0625),43836.91030526161
1136,9314304,tensor(44.0625),43872.24547958374
1137,9322496,tensor(46.2500),43907.068672418594
1138,9330688,tensor(32.8125),43941.08364701271
1139,9338880,tensor(37.5000),43977.33131313324
1140,9347072,tensor(41.2500),44011.496822595596
1141,9355264,tensor(38.4375),44045.20802474022
1142,9363456,tensor(41.8750),44079.49715709686
1143,9371648,tensor(43.1250),44115.30439567566
1144,9379840,tensor(36.5625),44149.2948846817
1145,9388032,tensor(40.),44183.255573272705
1146,9396224,tensor(42.5000),44217.35326552391
1147,9404416,tensor(38.1250),44251.549723386765
1148,9412608,tensor(34.6875),44284.99156165123
1149,9420800,tensor(40.6250),44319.048976421356
1150,9428992,tensor(43.7500),44353.80566239357
1151,9437184,tensor(42.5000),44387.8970348835
1152,9445376,tensor(39.3750),44422.96527218819
1153,9453568,tensor(41.2500),44457.56523132324
1154,9461760,tensor(38.4375),44491.37178897858
1155,9469952,tensor(40.9375),44526.47655129433
1156,9478144,tensor(37.8125),44562.07199048996
1157,9486336,tensor(36.2500),44595.657130241394
1158,9494528,tensor(43.4375),44630.1042509079
1159,9502720,tensor(43.4375),44664.37772345543
1160,9510912,tensor(40.3125),44698.59898710251
1161,9519104,tensor(47.5000),44733.095150470734
1162,9527296,tensor(40.3125),44767.455394268036
1163,9535488,tensor(37.1875),44801.32418560982
1164,9543680,tensor(36.8750),44835.217346191406
1165,9551872,tensor(40.6250),44869.82646083832
1166,9560064,tensor(40.3125),44904.29320335388
1167,9568256,tensor(44.6875),44939.00160431862
1168,9576448,tensor(37.1875),44975.26339793205
1169,9584640,tensor(40.3125),45009.33743906021
1170,9592832,tensor(35.),45044.23919701576
1171,9601024,tensor(41.5625),45078.577054739
1172,9609216,tensor(40.9375),45114.22402048111
1173,9617408,tensor(43.1250),45148.74594044685
1174,9625600,tensor(41.2500),45183.04645752907
1175,9633792,tensor(38.7500),45217.30742311478
1176,9641984,tensor(37.1875),45251.85930228233
1177,9650176,tensor(41.8750),45285.73668193817
1178,9658368,tensor(43.7500),45320.11062979698
1179,9666560,tensor(41.8750),45354.361286878586
1180,9674752,tensor(41.2500),45389.626437187195
1181,9682944,tensor(42.8125),45423.954461574554
1182,9691136,tensor(43.1250),45458.22613811493
1183,9699328,tensor(43.4375),45492.39576816559
1184,9707520,tensor(39.0625),45527.24898147583
1185,9715712,tensor(37.5000),45561.06068253517
1186,9723904,tensor(39.6875),45595.55224895477
1187,9732096,tensor(35.3125),45629.477548122406
1188,9740288,tensor(42.1875),45664.916596889496
1189,9748480,tensor(46.8750),45699.140731573105
1190,9756672,tensor(41.8750),45733.75447535515
1191,9764864,tensor(44.0625),45767.930522203445
1192,9773056,tensor(37.8125),45802.33459162712
1193,9781248,tensor(46.5625),45836.70689487457
1194,9789440,tensor(41.2500),45870.72573900223
1195,9797632,tensor(38.1250),45904.61974978447
1196,9805824,tensor(40.9375),45940.17519545555
1197,9814016,tensor(41.2500),45974.47427225113
1198,9822208,tensor(40.3125),46008.62825036049
1199,9830400,tensor(39.0625),46042.88883805275
1200,9838592,tensor(38.7500),46077.161460876465
1201,9846784,tensor(42.1875),46111.65851068497
1202,9854976,tensor(39.0625),46145.66160726547
1203,9863168,tensor(43.1250),46180.02071118355
1204,9871360,tensor(46.8750),46214.559864997864
1205,9879552,tensor(45.),46249.18352007866
1206,9887744,tensor(40.3125),46283.38212656975
1207,9895936,tensor(44.6875),46318.47706747055
1208,9904128,tensor(45.3125),46353.07170844078
1209,9912320,tensor(43.7500),46387.40937566757
1210,9920512,tensor(42.8125),46422.93456697464
1211,9928704,tensor(40.),46458.21796989441
1212,9936896,tensor(40.3125),46492.600523233414
1213,9945088,tensor(42.8125),46527.09533524513
1214,9953280,tensor(41.2500),46561.498418569565
1215,9961472,tensor(42.8125),46595.870607852936
1216,9969664,tensor(39.0625),46630.62879538536
1217,9977856,tensor(35.),46664.66341280937
1218,9986048,tensor(37.8125),46698.659630060196
1219,9994240,tensor(47.5000),46733.87903904915
1220,10002432,tensor(37.1875),46767.89263701439
1221,10010624,tensor(40.6250),46803.11500906944
1222,10018816,tensor(44.3750),46837.87229537964
1223,10027008,tensor(39.6875),46872.92642045021
1224,10035200,tensor(37.1875),46907.04188466072
1225,10043392,tensor(37.5000),46941.16861438751
1226,10051584,tensor(38.1250),46974.997289180756
1227,10059776,tensor(43.1250),47010.98118543625
1228,10067968,tensor(40.6250),47045.25281023979
1229,10076160,tensor(38.4375),47079.9169549942
1230,10084352,tensor(42.1875),47114.20431804657
1231,10092544,tensor(39.3750),47148.973606824875
1232,10100736,tensor(40.6250),47184.14205503464
1233,10108928,tensor(42.1875),47218.75974917412
1234,10117120,tensor(41.2500),47253.16841840744
1235,10125312,tensor(41.5625),47289.26126194
1236,10133504,tensor(42.5000),47323.68912220001
1237,10141696,tensor(41.8750),47357.85794520378
1238,10149888,tensor(43.1250),47392.30701184273
1239,10158080,tensor(37.5000),47426.86324071884
1240,10166272,tensor(40.3125),47462.632803440094
1241,10174464,tensor(43.1250),47497.69796895981
1242,10182656,tensor(32.5000),47531.451172590256
1243,10190848,tensor(38.1250),47565.30544877052
1244,10199040,tensor(34.3750),47600.18103337288
1245,10207232,tensor(40.3125),47634.112871170044
1246,10215424,tensor(38.1250),47668.575290203094
1247,10223616,tensor(35.),47703.17680263519
1248,10231808,tensor(40.),47737.9235970974
1249,10240000,tensor(39.6875),47772.501879930496
1250,10248192,tensor(40.6250),47810.8412861824
1251,10256384,tensor(37.5000),47845.390124082565
1252,10264576,tensor(34.0625),47879.6542198658
1253,10272768,tensor(40.3125),47915.78370165825
1254,10280960,tensor(39.0625),47950.49746847153
1255,10289152,tensor(42.8125),47984.99031376839
1256,10297344,tensor(37.5000),48020.58638358116
1257,10305536,tensor(37.5000),48055.97545146942
1258,10313728,tensor(42.8125),48091.37402534485
1259,10321920,tensor(40.9375),48127.30308961868
1260,10330112,tensor(40.3125),48162.95357513428
1261,10338304,tensor(42.8125),48198.831240177155
1262,10346496,tensor(42.8125),48234.793142318726
1263,10354688,tensor(36.8750),48271.03792643547
1264,10362880,tensor(42.1875),48306.7329185009
1265,10371072,tensor(40.9375),48342.37584233284
1266,10379264,tensor(44.6875),48378.59431433678
1267,10387456,tensor(36.5625),48414.83201241493
1268,10395648,tensor(41.5625),48450.66537094116
1269,10403840,tensor(45.3125),48488.01175045967
1270,10412032,tensor(40.),48523.64322471619
1271,10420224,tensor(40.9375),48559.19744729996
1272,10428416,tensor(44.0625),48596.415484428406
1273,10436608,tensor(42.1875),48634.22258901596
1274,10444800,tensor(41.5625),48669.807985544205
1275,10452992,tensor(42.5000),48705.27652168274
1276,10461184,tensor(46.8750),48741.271988630295
1277,10469376,tensor(42.1875),48776.850375175476
1278,10477568,tensor(40.9375),48812.307925224304
1279,10485760,tensor(42.8125),48848.77826189995
1280,10493952,tensor(39.6875),48884.21469044685
1281,10502144,tensor(38.4375),48919.78356075287
1282,10510336,tensor(43.4375),48956.705498456955
1283,10518528,tensor(40.9375),48992.384120464325
1284,10526720,tensor(37.5000),49028.31105065346
1285,10534912,tensor(39.6875),49064.00911068916
1286,10543104,tensor(43.1250),49101.166050195694
1287,10551296,tensor(37.5000),49136.517998456955
1288,10559488,tensor(37.8125),49172.37535095215
1289,10567680,tensor(43.1250),49209.53610110283
1290,10575872,tensor(38.7500),49244.82943439484
1291,10584064,tensor(38.1250),49280.30512356758
1292,10592256,tensor(37.1875),49316.15659928322
1293,10600448,tensor(39.6875),49351.7676422596
1294,10608640,tensor(43.1250),49387.58698940277
1295,10616832,tensor(42.5000),49423.92518258095
1296,10625024,tensor(44.6875),49459.86517357826
1297,10633216,tensor(39.0625),49495.42355179787
1298,10641408,tensor(38.7500),49531.09654903412
1299,10649600,tensor(41.8750),49568.16985106468
1300,10657792,tensor(45.9375),49604.16757798195
1301,10665984,tensor(42.5000),49640.08180809021
1302,10674176,tensor(41.2500),49675.93591427803
1303,10682368,tensor(37.8125),49711.64826917648
1304,10690560,tensor(36.8750),49748.001297712326
1305,10698752,tensor(39.3750),49783.421051979065
1306,10706944,tensor(41.2500),49819.257294893265
1307,10715136,tensor(37.5000),49854.57728385925
1308,10723328,tensor(38.1250),49891.0409822464
1309,10731520,tensor(39.0625),49926.49937963486
1310,10739712,tensor(38.7500),49963.491690158844
1311,10747904,tensor(43.7500),49999.400711774826
1312,10756096,tensor(41.5625),50035.134756326675
1313,10764288,tensor(39.0625),50070.70030117035
1314,10772480,tensor(40.9375),50106.33680009842
1315,10780672,tensor(41.8750),50142.19896841049
1316,10788864,tensor(37.1875),50177.757586956024
1317,10797056,tensor(42.1875),50213.33344078064
1318,10805248,tensor(34.6875),50248.44722390175
1319,10813440,tensor(44.3750),50284.35797762871
1320,10821632,tensor(32.8125),50319.33317875862
1321,10829824,tensor(34.6875),50355.94311070442
1322,10838016,tensor(36.2500),50391.649322509766
1323,10846208,tensor(36.8750),50427.458040714264
1324,10854400,tensor(40.6250),50463.176672935486
1325,10862592,tensor(39.3750),50500.15223431587
1326,10870784,tensor(35.6250),50535.797968387604
1327,10878976,tensor(39.3750),50571.63186311722
1328,10887168,tensor(36.8750),50606.797417640686
1329,10895360,tensor(44.3750),50643.45351076126
1330,10903552,tensor(39.3750),50680.201161146164
1331,10911744,tensor(40.),50716.843214035034
1332,10919936,tensor(37.8125),50752.168808460236
1333,10928128,tensor(39.0625),50789.51487851143
1334,10936320,tensor(35.9375),50824.824063539505
1335,10944512,tensor(35.9375),50860.111220121384
1336,10952704,tensor(33.7500),50896.157279253006
1337,10960896,tensor(39.6875),50931.94029188156
1338,10969088,tensor(40.3125),50967.54698204994
1339,10977280,tensor(43.1250),51003.63982987404
1340,10985472,tensor(45.3125),51039.58459162712
1341,10993664,tensor(40.3125),51075.36848068237
1342,11001856,tensor(41.5625),51111.192674160004
1343,11010048,tensor(41.8750),51147.029623270035
1344,11018240,tensor(41.2500),51182.63837695122
1345,11026432,tensor(37.5000),51218.333216667175
1346,11034624,tensor(45.),51254.29051089287
1347,11042816,tensor(44.6875),51290.097425460815
1348,11051008,tensor(47.5000),51326.21320819855
1349,11059200,tensor(41.8750),51362.754620313644
1350,11067392,tensor(41.5625),51399.93305039406
1351,11075584,tensor(45.),51436.81377077103
1352,11083776,tensor(39.0625),51472.55447459221
1353,11091968,tensor(40.3125),51508.584973573685
1354,11100160,tensor(45.),51544.446590423584
1355,11108352,tensor(42.8125),51581.1204059124
1356,11116544,tensor(41.2500),51616.83554768562
1357,11124736,tensor(42.8125),51652.46753907204
1358,11132928,tensor(40.),51688.048156261444
1359,11141120,tensor(38.4375),51723.44756984711
1360,11149312,tensor(43.1250),51759.33790421486
1361,11157504,tensor(41.5625),51795.146493434906
1362,11165696,tensor(42.5000),51833.122509241104
1363,11173888,tensor(36.2500),51868.97613310814
1364,11182080,tensor(37.1875),51904.45369768143
1365,11190272,tensor(35.9375),51939.977305173874
1366,11198464,tensor(37.8125),51976.89637374878
1367,11206656,tensor(37.5000),52012.27495598793
1368,11214848,tensor(36.5625),52047.61087846756
1369,11223040,tensor(42.1875),52083.55788850784
1370,11231232,tensor(40.3125),52119.985236644745
1371,11239424,tensor(42.5000),52155.795474767685
1372,11247616,tensor(44.6875),52191.608137607574
1373,11255808,tensor(36.8750),52228.8245677948
1374,11264000,tensor(41.2500),52264.547283411026
1375,11272192,tensor(45.3125),52300.543588876724
1376,11280384,tensor(46.2500),52336.51587152481
1377,11288576,tensor(45.9375),52372.39617013931
1378,11296768,tensor(36.5625),52406.7200615406
1379,11304960,tensor(44.3750),52441.725870370865
1380,11313152,tensor(42.5000),52476.62079691887
1381,11321344,tensor(38.4375),52511.207812309265
1382,11329536,tensor(40.9375),52546.23794603348
1383,11337728,tensor(44.0625),52581.251272678375
1384,11345920,tensor(39.6875),52619.833896398544
1385,11354112,tensor(42.5000),52655.19476032257
1386,11362304,tensor(40.6250),52689.861892938614
1387,11370496,tensor(40.),52726.514029979706
1388,11378688,tensor(45.9375),52761.4116435051
1389,11386880,tensor(41.5625),52796.0968170166
1390,11395072,tensor(45.3125),52831.94950032234
1391,11403264,tensor(41.8750),52866.68167591095
1392,11411456,tensor(41.2500),52901.52016592026
1393,11419648,tensor(43.1250),52938.44795584679
1394,11427840,tensor(35.),52972.96291089058
1395,11436032,tensor(40.3125),53007.511043310165
1396,11444224,tensor(41.8750),53042.30393242836
1397,11452416,tensor(40.3125),53076.8445122242
1398,11460608,tensor(40.3125),53111.567839860916
1399,11468800,tensor(47.8125),53147.01851391792
1400,11476992,tensor(37.8125),53181.51595163345
1401,11485184,tensor(43.4375),53216.37635707855
1402,11493376,tensor(44.0625),53252.73426985741
1403,11501568,tensor(43.1250),53287.60326600075
1404,11509760,tensor(42.1875),53322.54157471657
1405,11517952,tensor(41.2500),53361.65770602226
1406,11526144,tensor(40.),53396.05833244324
1407,11534336,tensor(45.),53431.1189763546
1408,11542528,tensor(41.5625),53468.89856982231
1409,11550720,tensor(43.1250),53503.94190597534
1410,11558912,tensor(43.7500),53539.635857105255
1411,11567104,tensor(40.9375),53575.96113157272
1412,11575296,tensor(46.2500),53611.2824010849
1413,11583488,tensor(43.1250),53646.12599992752
1414,11591680,tensor(41.2500),53684.54054117203
1415,11599872,tensor(42.5000),53719.50427532196
1416,11608064,tensor(40.6250),53754.40351819992
1417,11616256,tensor(40.6250),53791.08702802658
1418,11624448,tensor(37.5000),53825.5953502655
1419,11632640,tensor(43.1250),53860.338535785675
1420,11640832,tensor(43.1250),53894.92229127884
1421,11649024,tensor(45.6250),53929.940345048904
1422,11657216,tensor(37.1875),53964.22810101509
1423,11665408,tensor(45.3125),53998.95164132118
1424,11673600,tensor(33.7500),54033.19269013405
1425,11681792,tensor(48.7500),54069.368067741394
1426,11689984,tensor(46.5625),54104.51805782318
1427,11698176,tensor(44.3750),54139.759697675705
1428,11706368,tensor(39.0625),54176.66709971428
1429,11714560,tensor(37.5000),54211.18605852127
1430,11722752,tensor(41.5625),54245.94804930687
1431,11730944,tensor(44.0625),54281.723903894424
1432,11739136,tensor(43.1250),54316.40781164169
1433,11747328,tensor(38.1250),54350.86482143402
1434,11755520,tensor(45.),54385.62269830704
1435,11763712,tensor(43.7500),54420.60914969444
1436,11771904,tensor(41.8750),54455.06354498863
1437,11780096,tensor(38.4375),54489.50630617142
1438,11788288,tensor(38.1250),54523.85385298729
1439,11796480,tensor(39.3750),54558.35940694809
1440,11804672,tensor(40.9375),54594.474584817886
1441,11812864,tensor(42.5000),54629.04181575775
1442,11821056,tensor(43.1250),54663.99867939949
1443,11829248,tensor(44.0625),54699.012932538986
1444,11837440,tensor(45.3125),54733.19623923302
1445,11845632,tensor(42.1875),54767.323622226715
1446,11853824,tensor(38.4375),54801.363944768906
1447,11862016,tensor(46.5625),54838.306473493576
1448,11870208,tensor(37.8125),54872.297444581985
1449,11878400,tensor(40.3125),54906.4822537899
1450,11886592,tensor(44.0625),54940.88725948334
1451,11894784,tensor(43.4375),54976.646033763885
1452,11902976,tensor(36.2500),55010.694276332855
1453,11911168,tensor(38.7500),55046.59227991104
1454,11919360,tensor(41.5625),55080.477392196655
1455,11927552,tensor(49.6875),55115.13989496231
1456,11935744,tensor(46.2500),55150.66104340553
1457,11943936,tensor(42.5000),55184.92353963852
1458,11952128,tensor(43.1250),55219.02494120598
1459,11960320,tensor(39.6875),55255.88860011101
1460,11968512,tensor(41.8750),55289.86521887779
1461,11976704,tensor(38.1250),55323.96259903908
1462,11984896,tensor(47.8125),55358.21334052086
1463,11993088,tensor(40.9375),55393.9164044857
1464,12001280,tensor(40.6250),55428.014184713364
1465,12009472,tensor(46.8750),55463.47036576271
1466,12017664,tensor(46.5625),55497.8236656189
1467,12025856,tensor(39.6875),55532.14606833458
1468,12034048,tensor(45.6250),55566.45845746994
1469,12042240,tensor(43.4375),55601.03154873848
1470,12050432,tensor(48.4375),55635.48364567757
1471,12058624,tensor(48.7500),55670.983595371246
1472,12066816,tensor(38.4375),55704.63045477867
1473,12075008,tensor(37.1875),55739.1640753746
1474,12083200,tensor(43.1250),55773.288626194
1475,12091392,tensor(42.8125),55807.65899634361
1476,12099584,tensor(41.8750),55841.83326435089
1477,12107776,tensor(36.2500),55875.52091932297
1478,12115968,tensor(44.3750),55909.83999824524
1479,12124160,tensor(37.1875),55943.71110892296
1480,12132352,tensor(46.5625),55978.13397359848
1481,12140544,tensor(47.1875),56013.695420742035
1482,12148736,tensor(40.9375),56047.93037676811
1483,12156928,tensor(43.1250),56082.12614941597
1484,12165120,tensor(40.),56117.12655758858
1485,12173312,tensor(40.9375),56151.19779467583
1486,12181504,tensor(36.5625),56185.13513112068
1487,12189696,tensor(41.2500),56219.31146836281
1488,12197888,tensor(44.3750),56253.25749182701
1489,12206080,tensor(41.5625),56287.398402929306
1490,12214272,tensor(42.5000),56321.5600233078
1491,12222464,tensor(47.1875),56355.975769758224
1492,12230656,tensor(39.3750),56389.86676120758
1493,12238848,tensor(38.1250),56424.00020360947
1494,12247040,tensor(40.),56457.872264146805
1495,12255232,tensor(43.4375),56492.07013320923
1496,12263424,tensor(42.8125),56526.4555618763
1497,12271616,tensor(33.1250),56559.935234069824
1498,12279808,tensor(37.5000),56593.80278015137
1499,12288000,tensor(40.9375),56627.886917591095
1500,12296192,tensor(41.2500),56662.06446313858
1501,12304384,tensor(36.5625),56696.734345436096
1502,12312576,tensor(43.7500),56731.01186108589
1503,12320768,tensor(41.8750),56765.24632358551
1504,12328960,tensor(44.6875),56799.43331360817
1505,12337152,tensor(36.2500),56833.081220149994
1506,12345344,tensor(36.8750),56867.19792723656
1507,12353536,tensor(40.3125),56901.947848558426
1508,12361728,tensor(43.4375),56936.185121536255
1509,12369920,tensor(43.4375),56969.99751448631
1510,12378112,tensor(36.8750),57003.92316889763
1511,12386304,tensor(42.8125),57037.791964292526
1512,12394496,tensor(40.3125),57071.988119363785
1513,12402688,tensor(36.2500),57105.873782634735
1514,12410880,tensor(41.2500),57139.83095097542
1515,12419072,tensor(45.3125),57174.234748125076
1516,12427264,tensor(38.4375),57208.41714286804
1517,12435456,tensor(38.4375),57242.341401815414
1518,12443648,tensor(42.1875),57276.51628494263
1519,12451840,tensor(44.6875),57311.414294958115
1520,12460032,tensor(42.1875),57345.549922943115
1521,12468224,tensor(46.2500),57380.07574558258
1522,12476416,tensor(41.8750),57414.72773170471
1523,12484608,tensor(51.8750),57449.34453415871
1524,12492800,tensor(42.8125),57483.66497516632
1525,12500992,tensor(37.8125),57517.271944761276
1526,12509184,tensor(40.6250),57551.521337747574
1527,12517376,tensor(37.5000),57586.805493593216
1528,12525568,tensor(44.6875),57621.128939151764
1529,12533760,tensor(41.2500),57655.12327718735
1530,12541952,tensor(46.2500),57689.66668701172
1531,12550144,tensor(41.8750),57723.78055214882
1532,12558336,tensor(39.6875),57758.23841762543
1533,12566528,tensor(43.7500),57792.52397441864
1534,12574720,tensor(38.7500),57826.9112739563
1535,12582912,tensor(39.0625),57860.98183655739
1536,12591104,tensor(37.5000),57895.10410237312
1537,12599296,tensor(42.1875),57929.723410606384
1538,12607488,tensor(40.3125),57964.35632252693
1539,12615680,tensor(34.3750),57997.88750076294
1540,12623872,tensor(43.4375),58032.47509050369
1541,12632064,tensor(43.4375),58068.29843354225
1542,12640256,tensor(37.5000),58102.910563230515
1543,12648448,tensor(36.5625),58137.43188071251
1544,12656640,tensor(35.6250),58173.70279502869
1545,12664832,tensor(38.7500),58208.28462409973
1546,12673024,tensor(33.1250),58242.53108048439
1547,12681216,tensor(37.1875),58276.91339588165
1548,12689408,tensor(35.6250),58311.2502412796
1549,12697600,tensor(37.1875),58345.84407424927
1550,12705792,tensor(38.1250),58379.97207188606
1551,12713984,tensor(39.6875),58414.295399427414
1552,12722176,tensor(40.9375),58448.83166861534
1553,12730368,tensor(33.4375),58482.890484809875
1554,12738560,tensor(38.1250),58516.933289289474
1555,12746752,tensor(37.1875),58550.97140431404
1556,12754944,tensor(42.1875),58585.91283798218
1557,12763136,tensor(32.1875),58619.99382042885
1558,12771328,tensor(33.7500),58654.40024137497
1559,12779520,tensor(35.9375),58688.66395354271
1560,12787712,tensor(35.9375),58722.794823646545
1561,12795904,tensor(31.5625),58756.52585172653
1562,12804096,tensor(35.6250),58790.5619468689
1563,12812288,tensor(39.0625),58824.81736755371
1564,12820480,tensor(38.4375),58859.41754436493
1565,12828672,tensor(35.3125),58893.93807554245
1566,12836864,tensor(39.0625),58929.726747989655
1567,12845056,tensor(30.9375),58963.625697374344
1568,12853248,tensor(41.2500),58998.84194588661
1569,12861440,tensor(42.8125),59032.80590248108
1570,12869632,tensor(40.3125),59067.55365848541
1571,12877824,tensor(39.6875),59101.86337518692
1572,12886016,tensor(37.5000),59136.28972244263
1573,12894208,tensor(36.2500),59171.1272649765
1574,12902400,tensor(41.5625),59205.807675123215
1575,12910592,tensor(39.3750),59239.96803021431
1576,12918784,tensor(40.6250),59274.11978006363
1577,12926976,tensor(32.8125),59308.47738647461
1578,12935168,tensor(33.1250),59342.421031713486
1579,12943360,tensor(40.),59376.64212656021
1580,12951552,tensor(36.5625),59411.34682106972
1581,12959744,tensor(40.6250),59445.46445727348
1582,12967936,tensor(45.),59480.230620384216
1583,12976128,tensor(45.6250),59514.695098638535
1584,12984320,tensor(44.6875),59549.36505818367
1585,12992512,tensor(40.9375),59583.96267461777
1586,13000704,tensor(38.1250),59617.99922180176
1587,13008896,tensor(41.5625),59652.53042292595
1588,13017088,tensor(39.6875),59688.64387488365
1589,13025280,tensor(43.4375),59723.380514621735
1590,13033472,tensor(37.1875),59757.749517679214
1591,13041664,tensor(36.5625),59792.76345682144
1592,13049856,tensor(35.6250),59828.29894089699
1593,13058048,tensor(39.3750),59862.93764066696
1594,13066240,tensor(34.6875),59896.84186458588
1595,13074432,tensor(36.8750),59930.80168890953
1596,13082624,tensor(40.),59966.21786737442
1597,13090816,tensor(40.),60000.53091907501
1598,13099008,tensor(36.2500),60034.91175150871
1599,13107200,tensor(36.8750),60068.68392562866
1600,13115392,tensor(38.4375),60102.511135816574
1601,13123584,tensor(40.6250),60136.554044008255
1602,13131776,tensor(38.1250),60170.53636741638
1603,13139968,tensor(36.5625),60204.55896615982
1604,13148160,tensor(34.6875),60238.17958307266
1605,13156352,tensor(36.2500),60272.144742012024
1606,13164544,tensor(35.3125),60306.08123779297
1607,13172736,tensor(31.2500),60339.68902158737
1608,13180928,tensor(41.2500),60373.85547184944
1609,13189120,tensor(35.9375),60407.975214481354
1610,13197312,tensor(43.7500),60442.30329346657
1611,13205504,tensor(35.6250),60476.529279232025
1612,13213696,tensor(36.2500),60510.07112431526
1613,13221888,tensor(37.5000),60544.08028578758
1614,13230080,tensor(40.3125),60577.996007204056
1615,13238272,tensor(38.4375),60612.27716231346
1616,13246464,tensor(35.),60646.20776939392
1617,13254656,tensor(37.5000),60680.17174220085
1618,13262848,tensor(47.1875),60714.50422382355
1619,13271040,tensor(35.),60749.0649535656
1620,13279232,tensor(40.6250),60783.07176923752
1621,13287424,tensor(41.8750),60817.80510354042
1622,13295616,tensor(39.6875),60851.94367671013
1623,13303808,tensor(38.7500),60886.10229516029
1624,13312000,tensor(41.2500),60920.22604584694
1625,13320192,tensor(45.6250),60955.37155556679
1626,13328384,tensor(38.7500),60989.49360513687
1627,13336576,tensor(44.0625),61023.89879870415
1628,13344768,tensor(43.7500),61058.32101535797
1629,13352960,tensor(37.5000),61092.57558321953
1630,13361152,tensor(35.6250),61126.91772174835
1631,13369344,tensor(37.8125),61161.0086710453
1632,13377536,tensor(41.8750),61195.429666996
1633,13385728,tensor(42.1875),61229.58389568329
1634,13393920,tensor(43.1250),61265.06907939911
1635,13402112,tensor(32.8125),61298.76294732094
1636,13410304,tensor(30.9375),61332.45403766632
1637,13418496,tensor(43.4375),61367.042662382126
1638,13426688,tensor(43.1250),61401.21907711029
1639,13434880,tensor(41.8750),61435.59269928932
1640,13443072,tensor(36.5625),61469.33250308037
1641,13451264,tensor(41.2500),61504.26184940338
1642,13459456,tensor(39.3750),61538.683049440384
1643,13467648,tensor(38.7500),61572.68548846245
1644,13475840,tensor(38.7500),61606.81595802307
1645,13484032,tensor(43.4375),61641.097014427185
1646,13492224,tensor(35.9375),61674.987840652466
1647,13500416,tensor(39.3750),61708.966346263885
1648,13508608,tensor(44.3750),61743.55018258095
1649,13516800,tensor(41.5625),61778.59059357643
1650,13524992,tensor(35.6250),61812.313910245895
1651,13533184,tensor(34.3750),61845.69536566734
1652,13541376,tensor(33.4375),61879.42702436447
1653,13549568,tensor(33.1250),61913.694724321365
1654,13557760,tensor(31.8750),61947.79423522949
1655,13565952,tensor(32.5000),61981.02682352066
1656,13574144,tensor(36.5625),62014.96032118797
1657,13582336,tensor(34.3750),62049.812798023224
1658,13590528,tensor(40.3125),62083.89777517319
1659,13598720,tensor(34.3750),62117.87795305252
1660,13606912,tensor(32.5000),62153.18517947197
1661,13615104,tensor(35.9375),62186.80983328819
1662,13623296,tensor(36.2500),62220.923027038574
1663,13631488,tensor(45.3125),62256.57811999321
1664,13639680,tensor(36.8750),62291.98737549782
1665,13647872,tensor(43.1250),62326.0327270031
1666,13656064,tensor(38.1250),62359.693333387375
1667,13664256,tensor(38.1250),62393.802934885025
1668,13672448,tensor(35.3125),62427.65579891205
1669,13680640,tensor(40.9375),62461.557584524155
1670,13688832,tensor(39.0625),62495.33283853531
1671,13697024,tensor(37.8125),62529.40859937668
1672,13705216,tensor(41.5625),62563.48824477196
1673,13713408,tensor(37.5000),62597.30767035484
1674,13721600,tensor(43.1250),62631.9105424881
1675,13729792,tensor(38.4375),62666.065848112106
1676,13737984,tensor(42.8125),62700.39483857155
1677,13746176,tensor(40.6250),62734.55972671509
1678,13754368,tensor(41.5625),62768.86617565155
1679,13762560,tensor(36.5625),62802.85405635834
1680,13770752,tensor(38.7500),62836.92446374893
1681,13778944,tensor(35.6250),62870.85625290871
1682,13787136,tensor(40.9375),62905.068439006805
1683,13795328,tensor(43.4375),62940.2320497036
1684,13803520,tensor(40.9375),62973.96429538727
1685,13811712,tensor(39.6875),63008.41163778305
1686,13819904,tensor(35.6250),63041.99119734764
1687,13828096,tensor(38.7500),63076.13569808006
1688,13836288,tensor(41.5625),63110.05467200279
1689,13844480,tensor(38.4375),63143.78381419182
1690,13852672,tensor(38.1250),63177.897215127945
1691,13860864,tensor(40.3125),63211.59074187279
1692,13869056,tensor(40.6250),63245.780752420425
1693,13877248,tensor(42.8125),63280.25686979294
1694,13885440,tensor(35.6250),63314.55665373802
1695,13893632,tensor(36.5625),63348.374249219894
1696,13901824,tensor(35.6250),63382.16834521294
1697,13910016,tensor(31.5625),63415.567266225815
1698,13918208,tensor(40.6250),63449.81632876396
1699,13926400,tensor(41.5625),63483.948808431625
1700,13934592,tensor(38.7500),63519.256444215775
1701,13942784,tensor(41.8750),63552.97309088707
1702,13950976,tensor(32.1875),63587.10964012146
1703,13959168,tensor(33.4375),63620.31813597679
1704,13967360,tensor(37.8125),63654.15007042885
1705,13975552,tensor(37.8125),63688.00642776489
1706,13983744,tensor(31.8750),63722.00930738449
1707,13991936,tensor(39.6875),63755.78637909889
1708,14000128,tensor(44.3750),63789.80252122879
1709,14008320,tensor(41.5625),63824.17512392998
1710,14016512,tensor(37.5000),63858.08153271675
1711,14024704,tensor(34.6875),63891.94552874565
1712,14032896,tensor(38.1250),63926.19730210304
1713,14041088,tensor(42.8125),63960.29147982597
1714,14049280,tensor(39.6875),63994.372005939484
1715,14057472,tensor(40.3125),64028.36811995506
1716,14065664,tensor(39.6875),64062.50028967857
1717,14073856,tensor(39.0625),64096.23364329338
1718,14082048,tensor(40.6250),64130.11695289612
1719,14090240,tensor(45.),64164.75559234619
1720,14098432,tensor(45.),64199.35293364525
1721,14106624,tensor(38.7500),64233.34486293793
1722,14114816,tensor(41.2500),64267.53965330124
1723,14123008,tensor(42.5000),64301.60662460327
1724,14131200,tensor(38.7500),64335.66046476364
1725,14139392,tensor(38.7500),64369.521466970444
1726,14147584,tensor(45.3125),64404.19877123833
1727,14155776,tensor(44.0625),64438.27864527702
1728,14163968,tensor(40.9375),64473.0660572052
1729,14172160,tensor(37.8125),64507.192036151886
1730,14180352,tensor(42.5000),64541.381054639816
1731,14188544,tensor(36.8750),64574.762234926224
1732,14196736,tensor(35.3125),64609.11256670952
1733,14204928,tensor(39.0625),64642.89254450798
1734,14213120,tensor(37.5000),64676.93179512024
1735,14221312,tensor(36.2500),64710.74060797691
1736,14229504,tensor(40.),64744.595980644226
1737,14237696,tensor(48.1250),64778.83799147606
1738,14245888,tensor(42.8125),64813.10042953491
1739,14254080,tensor(35.),64846.79557943344
1740,14262272,tensor(37.1875),64880.593997716904
1741,14270464,tensor(39.0625),64914.37371683121
1742,14278656,tensor(40.3125),64948.144126176834
1743,14286848,tensor(37.8125),64981.5865983963
1744,14295040,tensor(40.9375),65015.52635598183
1745,14303232,tensor(43.4375),65049.3889400959
1746,14311424,tensor(38.4375),65083.19113564491
1747,14319616,tensor(45.3125),65117.10069823265
1748,14327808,tensor(38.4375),65151.092689991
1749,14336000,tensor(38.7500),65184.694296598434
1750,14344192,tensor(40.9375),65220.11210441589
1751,14352384,tensor(43.4375),65254.13643670082
1752,14360576,tensor(43.7500),65288.01129603386
1753,14368768,tensor(41.2500),65323.102397203445
1754,14376960,tensor(37.8125),65356.784863233566
1755,14385152,tensor(30.),65390.02811050415
1756,14393344,tensor(39.6875),65423.77902030945
1757,14401536,tensor(38.4375),65457.50864028931
1758,14409728,tensor(37.5000),65491.28893303871
1759,14417920,tensor(45.3125),65525.52057266235
1760,14426112,tensor(41.5625),65559.46424937248
1761,14434304,tensor(42.8125),65593.3868803978
1762,14442496,tensor(38.7500),65627.4259300232
1763,14450688,tensor(35.9375),65661.17666053772
1764,14458880,tensor(40.9375),65695.05382108688
1765,14467072,tensor(38.7500),65728.70778036118
1766,14475264,tensor(33.7500),65762.19410443306
1767,14483456,tensor(44.3750),65796.21723484993
1768,14491648,tensor(46.5625),65830.51091456413
1769,14499840,tensor(43.7500),65864.5483276844
1770,14508032,tensor(42.8125),65898.71908402443
1771,14516224,tensor(39.3750),65932.88260221481
1772,14524416,tensor(40.9375),65967.07201576233
1773,14532608,tensor(43.4375),66000.85975408554
1774,14540800,tensor(41.8750),66035.35814833641
1775,14548992,tensor(35.),66068.92234659195
1776,14557184,tensor(38.7500),66102.67030072212
1777,14565376,tensor(41.2500),66136.41939902306
1778,14573568,tensor(38.7500),66171.09863114357
1779,14581760,tensor(45.3125),66205.5372107029
1780,14589952,tensor(42.1875),66239.66547298431
1781,14598144,tensor(35.3125),66273.17232513428
1782,14606336,tensor(40.3125),66307.0411195755
1783,14614528,tensor(37.5000),66341.06971883774
1784,14622720,tensor(36.8750),66374.54105758667
1785,14630912,tensor(38.7500),66408.17659568787
1786,14639104,tensor(36.8750),66442.15660381317
1787,14647296,tensor(41.8750),66476.09046554565
1788,14655488,tensor(38.4375),66509.67364287376
1789,14663680,tensor(39.6875),66544.1968998909
1790,14671872,tensor(37.8125),66577.77263355255
1791,14680064,tensor(39.6875),66611.60766148567
1792,14688256,tensor(34.0625),66645.57959103584
1793,14696448,tensor(43.1250),66679.74406218529
1794,14704640,tensor(38.1250),66713.69362449646
1795,14712832,tensor(36.8750),66748.44553279877
1796,14721024,tensor(40.),66782.56321167946
1797,14729216,tensor(39.6875),66816.40380501747
1798,14737408,tensor(35.9375),66850.12497377396
1799,14745600,tensor(39.3750),66884.50571227074
1800,14753792,tensor(41.8750),66918.69171857834
1801,14761984,tensor(38.7500),66952.62060332298
1802,14770176,tensor(38.1250),66986.52390575409
1803,14778368,tensor(41.2500),67020.63878417015
1804,14786560,tensor(41.8750),67054.51138734818
1805,14794752,tensor(42.5000),67088.57156205177
1806,14802944,tensor(39.0625),67122.2119038105
1807,14811136,tensor(43.4375),67156.37838697433
1808,14819328,tensor(38.1250),67190.11592960358
1809,14827520,tensor(44.6875),67224.27628207207
1810,14835712,tensor(43.4375),67258.22848677635
1811,14843904,tensor(43.1250),67292.09352231026
1812,14852096,tensor(31.5625),67325.41781306267
1813,14860288,tensor(42.1875),67359.24265646935
1814,14868480,tensor(37.8125),67393.06552648544
1815,14876672,tensor(36.8750),67426.69430208206
1816,14884864,tensor(44.0625),67460.47316026688
1817,14893056,tensor(41.2500),67494.64446544647
1818,14901248,tensor(44.3750),67529.08306646347
1819,14909440,tensor(36.2500),67562.7235546112
1820,14917632,tensor(39.3750),67596.81082129478
1821,14925824,tensor(40.6250),67630.72431969643
1822,14934016,tensor(41.2500),67664.68706941605
1823,14942208,tensor(43.7500),67699.01508879662
1824,14950400,tensor(33.7500),67732.90483236313
1825,14958592,tensor(41.5625),67766.98293375969
1826,14966784,tensor(39.3750),67800.82915973663
1827,14974976,tensor(43.1250),67834.92139530182
1828,14983168,tensor(40.9375),67869.67629313469
1829,14991360,tensor(38.7500),67903.45950317383
1830,14999552,tensor(45.3125),67937.52877140045
1831,15007744,tensor(40.),67972.86493968964
